ISO-10303-21;
HEADER;
/* Generated by software containing ST-Developer
 * from STEP Tools, Inc. (www.steptools.com) 
 */
/* OPTION: using custom renumber hook */

FILE_DESCRIPTION(
/* description */ ('STEP AP242 Edition 2',
'CAx-IF Rec.Pracs.---Representation and Presentation of Product Manufa
cturing Information (PMI)---4.0---2014-10-13',
'CAx-IF Rec.Pracs.---3D Tessellated Geometry---0.4---2014-09-14','2;1',
'CAx-IF Rec.Pracs.---User Defined Attributes---1.5---2016-08-15'),
/* implementation_level */ '2;1');

FILE_NAME(
/* name */ 'Part Studio 1 - Part 1',
/* time_stamp */ '2026-06-11T07:54:51Z',
/* author */ (''),
/* organization */ (''),
/* preprocessor_version */ 'ST-DEVELOPER v20',
/* originating_system */ 'ONSHAPE BY PTC INC, 1.216',
/* authorisation */ '  ');

FILE_SCHEMA (('AP242_MANAGED_MODEL_BASED_3D_ENGINEERING_MIM_LF { 1 0 10303 442 3 1 4 }'));
ENDSEC;

DATA;
#10=SHAPE_REPRESENTATION_RELATIONSHIP('','',#1639,#11);
#11=ADVANCED_BREP_SHAPE_REPRESENTATION('',(#1637),#2903);
#12=SPHERICAL_SURFACE('',#1830,0.001);
#13=SPHERICAL_SURFACE('',#1837,0.001);
#14=SPHERICAL_SURFACE('',#1839,0.001);
#15=SPHERICAL_SURFACE('',#1845,0.001);
#16=TOROIDAL_SURFACE('',#1763,0.003,0.0015);
#17=TOROIDAL_SURFACE('',#1766,0.003,0.0015);
#18=TOROIDAL_SURFACE('',#1769,0.003,0.0015);
#19=TOROIDAL_SURFACE('',#1771,0.006,0.0015);
#20=TOROIDAL_SURFACE('',#1773,0.003,0.0015);
#21=TOROIDAL_SURFACE('',#1776,0.003,0.0015);
#22=TOROIDAL_SURFACE('',#1779,0.003,0.0015);
#23=TOROIDAL_SURFACE('',#1781,0.006,0.0015);
#24=TOROIDAL_SURFACE('',#1783,0.003,0.0015);
#25=TOROIDAL_SURFACE('',#1786,0.003,0.0015);
#26=TOROIDAL_SURFACE('',#1789,0.003,0.0015);
#27=TOROIDAL_SURFACE('',#1791,0.006,0.0015);
#28=TOROIDAL_SURFACE('',#1793,0.003,0.0015);
#29=TOROIDAL_SURFACE('',#1796,0.003,0.0015);
#30=TOROIDAL_SURFACE('',#1799,0.003,0.0015);
#31=TOROIDAL_SURFACE('',#1801,0.006,0.0015);
#32=CYLINDRICAL_SURFACE('',#1659,0.0045);
#33=CYLINDRICAL_SURFACE('',#1664,0.0045);
#34=CYLINDRICAL_SURFACE('',#1668,0.0045);
#35=CYLINDRICAL_SURFACE('',#1671,0.0025);
#36=CYLINDRICAL_SURFACE('',#1674,0.0025);
#37=CYLINDRICAL_SURFACE('',#1678,0.0025);
#38=CYLINDRICAL_SURFACE('',#1681,0.0045);
#39=CYLINDRICAL_SURFACE('',#1684,0.00275);
#40=CYLINDRICAL_SURFACE('',#1724,0.00405);
#41=CYLINDRICAL_SURFACE('',#1727,0.00405000000000018);
#42=CYLINDRICAL_SURFACE('',#1730,0.00405);
#43=CYLINDRICAL_SURFACE('',#1733,0.00405);
#44=CYLINDRICAL_SURFACE('',#1740,0.0018);
#45=CYLINDRICAL_SURFACE('',#1742,0.0018);
#46=CYLINDRICAL_SURFACE('',#1744,0.0018);
#47=CYLINDRICAL_SURFACE('',#1746,0.0018);
#48=CYLINDRICAL_SURFACE('',#1748,0.009);
#49=CYLINDRICAL_SURFACE('',#1749,0.001);
#50=CYLINDRICAL_SURFACE('',#1752,0.002);
#51=CYLINDRICAL_SURFACE('',#1756,0.001);
#52=CYLINDRICAL_SURFACE('',#1759,0.002);
#53=CYLINDRICAL_SURFACE('',#1768,0.0015);
#54=CYLINDRICAL_SURFACE('',#1772,0.0015);
#55=CYLINDRICAL_SURFACE('',#1778,0.0015);
#56=CYLINDRICAL_SURFACE('',#1782,0.0015);
#57=CYLINDRICAL_SURFACE('',#1788,0.0015);
#58=CYLINDRICAL_SURFACE('',#1792,0.0015);
#59=CYLINDRICAL_SURFACE('',#1798,0.0015);
#60=CYLINDRICAL_SURFACE('',#1802,0.0015);
#61=CYLINDRICAL_SURFACE('',#1803,0.001);
#62=CYLINDRICAL_SURFACE('',#1805,0.001);
#63=CYLINDRICAL_SURFACE('',#1807,0.001);
#64=CYLINDRICAL_SURFACE('',#1809,0.001);
#65=CYLINDRICAL_SURFACE('',#1817,0.0018);
#66=CYLINDRICAL_SURFACE('',#1820,0.0018);
#67=CYLINDRICAL_SURFACE('',#1823,0.0018);
#68=CYLINDRICAL_SURFACE('',#1826,0.0018);
#69=CYLINDRICAL_SURFACE('',#1833,0.001);
#70=CYLINDRICAL_SURFACE('',#1835,0.001);
#71=CYLINDRICAL_SURFACE('',#1841,0.001);
#72=CYLINDRICAL_SURFACE('',#1843,0.001);
#73=CIRCLE('',#1642,0.0018);
#74=CIRCLE('',#1643,0.0018);
#75=CIRCLE('',#1644,0.0018);
#76=CIRCLE('',#1645,0.0018);
#77=CIRCLE('',#1647,0.0018);
#78=CIRCLE('',#1648,0.0018);
#79=CIRCLE('',#1649,0.0018);
#80=CIRCLE('',#1650,0.0018);
#81=CIRCLE('',#1652,0.0018);
#82=CIRCLE('',#1653,0.0018);
#83=CIRCLE('',#1654,0.0018);
#84=CIRCLE('',#1655,0.0018);
#85=CIRCLE('',#1657,0.009);
#86=CIRCLE('',#1660,0.0045);
#87=CIRCLE('',#1661,0.0045);
#88=CIRCLE('',#1663,0.009);
#89=CIRCLE('',#1665,0.0045);
#90=CIRCLE('',#1666,0.0045);
#91=CIRCLE('',#1669,0.0045);
#92=CIRCLE('',#1670,0.0045);
#93=CIRCLE('',#1672,0.0025);
#94=CIRCLE('',#1673,0.0025);
#95=CIRCLE('',#1675,0.0025);
#96=CIRCLE('',#1676,0.0025);
#97=CIRCLE('',#1679,0.0025);
#98=CIRCLE('',#1680,0.0025);
#99=CIRCLE('',#1682,0.0045);
#100=CIRCLE('',#1683,0.0045);
#101=CIRCLE('',#1685,0.00275);
#102=CIRCLE('',#1686,0.00275);
#103=CIRCLE('',#1688,0.003);
#104=CIRCLE('',#1689,0.003);
#105=CIRCLE('',#1690,0.003);
#106=CIRCLE('',#1691,0.003);
#107=CIRCLE('',#1692,0.003);
#108=CIRCLE('',#1693,0.003);
#109=CIRCLE('',#1694,0.003);
#110=CIRCLE('',#1695,0.003);
#111=CIRCLE('',#1696,0.003);
#112=CIRCLE('',#1697,0.003);
#113=CIRCLE('',#1698,0.003);
#114=CIRCLE('',#1699,0.003);
#115=CIRCLE('',#1700,0.001);
#116=CIRCLE('',#1701,0.001);
#117=CIRCLE('',#1702,0.001);
#118=CIRCLE('',#1703,0.001);
#119=CIRCLE('',#1705,0.00405);
#120=CIRCLE('',#1706,0.00405);
#121=CIRCLE('',#1707,0.00405000000000018);
#122=CIRCLE('',#1708,0.00405);
#123=CIRCLE('',#1710,0.006);
#124=CIRCLE('',#1711,0.0015);
#125=CIRCLE('',#1712,0.0015);
#126=CIRCLE('',#1713,0.006);
#127=CIRCLE('',#1714,0.0015);
#128=CIRCLE('',#1715,0.0015);
#129=CIRCLE('',#1716,0.006);
#130=CIRCLE('',#1717,0.0015);
#131=CIRCLE('',#1718,0.0015);
#132=CIRCLE('',#1719,0.006);
#133=CIRCLE('',#1720,0.0015);
#134=CIRCLE('',#1721,0.0015);
#135=CIRCLE('',#1722,0.002);
#136=CIRCLE('',#1723,0.002);
#137=CIRCLE('',#1725,0.00405);
#138=CIRCLE('',#1728,0.00405000000000018);
#139=CIRCLE('',#1731,0.00405);
#140=CIRCLE('',#1734,0.00405);
#141=CIRCLE('',#1750,0.001);
#142=CIRCLE('',#1751,0.001);
#143=CIRCLE('',#1753,0.002);
#144=CIRCLE('',#1757,0.001);
#145=CIRCLE('',#1758,0.001);
#146=CIRCLE('',#1760,0.002);
#147=CIRCLE('',#1764,0.0015);
#148=CIRCLE('',#1765,0.0015);
#149=CIRCLE('',#1767,0.0015);
#150=CIRCLE('',#1770,0.0015);
#151=CIRCLE('',#1774,0.0015);
#152=CIRCLE('',#1775,0.0015);
#153=CIRCLE('',#1777,0.0015);
#154=CIRCLE('',#1780,0.0015);
#155=CIRCLE('',#1784,0.0015);
#156=CIRCLE('',#1785,0.0015);
#157=CIRCLE('',#1787,0.0015);
#158=CIRCLE('',#1790,0.0015);
#159=CIRCLE('',#1794,0.0015);
#160=CIRCLE('',#1795,0.0015);
#161=CIRCLE('',#1797,0.0015);
#162=CIRCLE('',#1800,0.0015);
#163=CIRCLE('',#1804,0.001);
#164=CIRCLE('',#1806,0.001);
#165=CIRCLE('',#1808,0.001);
#166=CIRCLE('',#1810,0.001);
#167=CIRCLE('',#1818,0.0018);
#168=CIRCLE('',#1821,0.0018);
#169=CIRCLE('',#1824,0.0018);
#170=CIRCLE('',#1827,0.0018);
#171=CIRCLE('',#1831,0.001);
#172=CIRCLE('',#1832,0.001);
#173=CIRCLE('',#1834,0.001);
#174=CIRCLE('',#1836,0.001);
#175=CIRCLE('',#1838,0.001);
#176=CIRCLE('',#1840,0.001);
#177=CIRCLE('',#1842,0.001);
#178=CIRCLE('',#1844,0.001);
#179=LINE('',#2367,#279);
#180=LINE('',#2369,#280);
#181=LINE('',#2371,#281);
#182=LINE('',#2379,#282);
#183=LINE('',#2380,#283);
#184=LINE('',#2383,#284);
#185=LINE('',#2385,#285);
#186=LINE('',#2387,#286);
#187=LINE('',#2391,#287);
#188=LINE('',#2395,#288);
#189=LINE('',#2396,#289);
#190=LINE('',#2401,#290);
#191=LINE('',#2405,#291);
#192=LINE('',#2408,#292);
#193=LINE('',#2410,#293);
#194=LINE('',#2412,#294);
#195=LINE('',#2413,#295);
#196=LINE('',#2416,#296);
#197=LINE('',#2418,#297);
#198=LINE('',#2420,#298);
#199=LINE('',#2421,#299);
#200=LINE('',#2426,#300);
#201=LINE('',#2432,#301);
#202=LINE('',#2436,#302);
#203=LINE('',#2441,#303);
#204=LINE('',#2445,#304);
#205=LINE('',#2453,#305);
#206=LINE('',#2455,#306);
#207=LINE('',#2457,#307);
#208=LINE('',#2465,#308);
#209=LINE('',#2466,#309);
#210=LINE('',#2469,#310);
#211=LINE('',#2471,#311);
#212=LINE('',#2473,#312);
#213=LINE('',#2474,#313);
#214=LINE('',#2479,#314);
#215=LINE('',#2485,#315);
#216=LINE('',#2488,#316);
#217=LINE('',#2490,#317);
#218=LINE('',#2492,#318);
#219=LINE('',#2494,#319);
#220=LINE('',#2497,#320);
#221=LINE('',#2499,#321);
#222=LINE('',#2501,#322);
#223=LINE('',#2503,#323);
#224=LINE('',#2508,#324);
#225=LINE('',#2514,#325);
#226=LINE('',#2517,#326);
#227=LINE('',#2525,#327);
#228=LINE('',#2533,#328);
#229=LINE('',#2535,#329);
#230=LINE('',#2540,#330);
#231=LINE('',#2544,#331);
#232=LINE('',#2547,#332);
#233=LINE('',#2555,#333);
#234=LINE('',#2563,#334);
#235=LINE('',#2565,#335);
#236=LINE('',#2570,#336);
#237=LINE('',#2584,#337);
#238=LINE('',#2587,#338);
#239=LINE('',#2589,#339);
#240=LINE('',#2591,#340);
#241=LINE('',#2598,#341);
#242=LINE('',#2603,#342);
#243=LINE('',#2637,#343);
#244=LINE('',#2640,#344);
#245=LINE('',#2642,#345);
#246=LINE('',#2644,#346);
#247=LINE('',#2695,#347);
#248=LINE('',#2696,#348);
#249=LINE('',#2698,#349);
#250=LINE('',#2700,#350);
#251=LINE('',#2703,#351);
#252=LINE('',#2704,#352);
#253=LINE('',#2706,#353);
#254=LINE('',#2708,#354);
#255=LINE('',#2711,#355);
#256=LINE('',#2712,#356);
#257=LINE('',#2714,#357);
#258=LINE('',#2716,#358);
#259=LINE('',#2836,#359);
#260=LINE('',#2838,#360);
#261=LINE('',#2840,#361);
#262=LINE('',#2842,#362);
#263=LINE('',#2844,#363);
#264=LINE('',#2846,#364);
#265=LINE('',#2848,#365);
#266=LINE('',#2850,#366);
#267=LINE('',#2853,#367);
#268=LINE('',#2855,#368);
#269=LINE('',#2857,#369);
#270=LINE('',#2859,#370);
#271=LINE('',#2863,#371);
#272=LINE('',#2865,#372);
#273=LINE('',#2870,#373);
#274=LINE('',#2874,#374);
#275=LINE('',#2876,#375);
#276=LINE('',#2878,#376);
#277=LINE('',#2880,#377);
#278=LINE('',#2884,#378);
#279=VECTOR('',#1850,1.);
#280=VECTOR('',#1851,1.);
#281=VECTOR('',#1852,1.);
#282=VECTOR('',#1853,1.);
#283=VECTOR('',#1854,1.);
#284=VECTOR('',#1855,1.);
#285=VECTOR('',#1856,1.);
#286=VECTOR('',#1857,1.);
#287=VECTOR('',#1860,1.);
#288=VECTOR('',#1863,1.);
#289=VECTOR('',#1864,1.);
#290=VECTOR('',#1867,1.);
#291=VECTOR('',#1872,1.);
#292=VECTOR('',#1873,1.);
#293=VECTOR('',#1874,1.);
#294=VECTOR('',#1875,1.);
#295=VECTOR('',#1876,1.);
#296=VECTOR('',#1877,1.);
#297=VECTOR('',#1878,1.);
#298=VECTOR('',#1879,1.);
#299=VECTOR('',#1880,1.);
#300=VECTOR('',#1883,1.);
#301=VECTOR('',#1888,1.);
#302=VECTOR('',#1891,1.);
#303=VECTOR('',#1896,1.);
#304=VECTOR('',#1899,1.);
#305=VECTOR('',#1900,1.);
#306=VECTOR('',#1901,1.);
#307=VECTOR('',#1902,1.);
#308=VECTOR('',#1903,1.);
#309=VECTOR('',#1904,1.);
#310=VECTOR('',#1905,1.);
#311=VECTOR('',#1906,1.);
#312=VECTOR('',#1907,1.);
#313=VECTOR('',#1908,1.);
#314=VECTOR('',#1911,1.);
#315=VECTOR('',#1918,1.);
#316=VECTOR('',#1919,1.);
#317=VECTOR('',#1920,1.);
#318=VECTOR('',#1921,1.);
#319=VECTOR('',#1924,1.);
#320=VECTOR('',#1925,1.);
#321=VECTOR('',#1926,1.);
#322=VECTOR('',#1927,1.);
#323=VECTOR('',#1930,1.);
#324=VECTOR('',#1933,1.);
#325=VECTOR('',#1940,1.);
#326=VECTOR('',#1941,1.);
#327=VECTOR('',#1942,1.);
#328=VECTOR('',#1943,1.);
#329=VECTOR('',#1946,1.);
#330=VECTOR('',#1949,1.);
#331=VECTOR('',#1954,1.);
#332=VECTOR('',#1955,1.);
#333=VECTOR('',#1956,1.);
#334=VECTOR('',#1957,1.);
#335=VECTOR('',#1960,1.);
#336=VECTOR('',#1963,1.);
#337=VECTOR('',#1980,1.);
#338=VECTOR('',#1981,1.);
#339=VECTOR('',#1982,1.);
#340=VECTOR('',#1983,1.);
#341=VECTOR('',#1992,1.);
#342=VECTOR('',#1995,1.);
#343=VECTOR('',#2040,1.);
#344=VECTOR('',#2041,1.);
#345=VECTOR('',#2042,1.);
#346=VECTOR('',#2043,1.);
#347=VECTOR('',#2108,1.);
#348=VECTOR('',#2109,1.);
#349=VECTOR('',#2112,1.);
#350=VECTOR('',#2115,1.);
#351=VECTOR('',#2120,1.);
#352=VECTOR('',#2121,1.);
#353=VECTOR('',#2124,1.);
#354=VECTOR('',#2127,1.);
#355=VECTOR('',#2132,1.);
#356=VECTOR('',#2133,1.);
#357=VECTOR('',#2136,1.);
#358=VECTOR('',#2139,1.);
#359=VECTOR('',#2270,1.);
#360=VECTOR('',#2271,1.);
#361=VECTOR('',#2272,1.);
#362=VECTOR('',#2275,1.);
#363=VECTOR('',#2276,1.);
#364=VECTOR('',#2279,1.);
#365=VECTOR('',#2280,1.);
#366=VECTOR('',#2283,1.);
#367=VECTOR('',#2288,1.);
#368=VECTOR('',#2289,1.);
#369=VECTOR('',#2290,1.);
#370=VECTOR('',#2293,1.);
#371=VECTOR('',#2298,1.);
#372=VECTOR('',#2299,1.);
#373=VECTOR('',#2308,1.);
#374=VECTOR('',#2311,1.);
#375=VECTOR('',#2314,1.);
#376=VECTOR('',#2315,1.);
#377=VECTOR('',#2318,1.);
#378=VECTOR('',#2323,1.);
#379=ORIENTED_EDGE('',*,*,#823,.T.);
#380=ORIENTED_EDGE('',*,*,#824,.T.);
#381=ORIENTED_EDGE('',*,*,#825,.F.);
#382=ORIENTED_EDGE('',*,*,#826,.T.);
#383=ORIENTED_EDGE('',*,*,#827,.T.);
#384=ORIENTED_EDGE('',*,*,#828,.T.);
#385=ORIENTED_EDGE('',*,*,#829,.F.);
#386=ORIENTED_EDGE('',*,*,#830,.T.);
#387=ORIENTED_EDGE('',*,*,#831,.T.);
#388=ORIENTED_EDGE('',*,*,#832,.F.);
#389=ORIENTED_EDGE('',*,*,#833,.F.);
#390=ORIENTED_EDGE('',*,*,#834,.T.);
#391=ORIENTED_EDGE('',*,*,#835,.F.);
#392=ORIENTED_EDGE('',*,*,#836,.F.);
#393=ORIENTED_EDGE('',*,*,#837,.T.);
#394=ORIENTED_EDGE('',*,*,#838,.T.);
#395=ORIENTED_EDGE('',*,*,#839,.F.);
#396=ORIENTED_EDGE('',*,*,#840,.T.);
#397=ORIENTED_EDGE('',*,*,#841,.T.);
#398=ORIENTED_EDGE('',*,*,#842,.T.);
#399=ORIENTED_EDGE('',*,*,#843,.F.);
#400=ORIENTED_EDGE('',*,*,#844,.F.);
#401=ORIENTED_EDGE('',*,*,#845,.T.);
#402=ORIENTED_EDGE('',*,*,#846,.T.);
#403=ORIENTED_EDGE('',*,*,#847,.T.);
#404=ORIENTED_EDGE('',*,*,#848,.F.);
#405=ORIENTED_EDGE('',*,*,#849,.F.);
#406=ORIENTED_EDGE('',*,*,#850,.F.);
#407=ORIENTED_EDGE('',*,*,#851,.T.);
#408=ORIENTED_EDGE('',*,*,#852,.F.);
#409=ORIENTED_EDGE('',*,*,#853,.T.);
#410=ORIENTED_EDGE('',*,*,#854,.F.);
#411=ORIENTED_EDGE('',*,*,#855,.T.);
#412=ORIENTED_EDGE('',*,*,#856,.T.);
#413=ORIENTED_EDGE('',*,*,#857,.F.);
#414=ORIENTED_EDGE('',*,*,#858,.F.);
#415=ORIENTED_EDGE('',*,*,#859,.F.);
#416=ORIENTED_EDGE('',*,*,#860,.T.);
#417=ORIENTED_EDGE('',*,*,#861,.T.);
#418=ORIENTED_EDGE('',*,*,#862,.T.);
#419=ORIENTED_EDGE('',*,*,#863,.F.);
#420=ORIENTED_EDGE('',*,*,#864,.T.);
#421=ORIENTED_EDGE('',*,*,#865,.T.);
#422=ORIENTED_EDGE('',*,*,#866,.T.);
#423=ORIENTED_EDGE('',*,*,#867,.T.);
#424=ORIENTED_EDGE('',*,*,#868,.T.);
#425=ORIENTED_EDGE('',*,*,#869,.F.);
#426=ORIENTED_EDGE('',*,*,#870,.F.);
#427=ORIENTED_EDGE('',*,*,#871,.F.);
#428=ORIENTED_EDGE('',*,*,#872,.T.);
#429=ORIENTED_EDGE('',*,*,#873,.T.);
#430=ORIENTED_EDGE('',*,*,#874,.T.);
#431=ORIENTED_EDGE('',*,*,#875,.F.);
#432=ORIENTED_EDGE('',*,*,#876,.T.);
#433=ORIENTED_EDGE('',*,*,#877,.T.);
#434=ORIENTED_EDGE('',*,*,#878,.T.);
#435=ORIENTED_EDGE('',*,*,#879,.T.);
#436=ORIENTED_EDGE('',*,*,#880,.T.);
#437=ORIENTED_EDGE('',*,*,#881,.T.);
#438=ORIENTED_EDGE('',*,*,#882,.T.);
#439=ORIENTED_EDGE('',*,*,#883,.F.);
#440=ORIENTED_EDGE('',*,*,#884,.T.);
#441=ORIENTED_EDGE('',*,*,#885,.T.);
#442=ORIENTED_EDGE('',*,*,#886,.T.);
#443=ORIENTED_EDGE('',*,*,#887,.T.);
#444=ORIENTED_EDGE('',*,*,#888,.T.);
#445=ORIENTED_EDGE('',*,*,#889,.T.);
#446=ORIENTED_EDGE('',*,*,#890,.T.);
#447=ORIENTED_EDGE('',*,*,#891,.T.);
#448=ORIENTED_EDGE('',*,*,#892,.F.);
#449=ORIENTED_EDGE('',*,*,#893,.T.);
#450=ORIENTED_EDGE('',*,*,#894,.T.);
#451=ORIENTED_EDGE('',*,*,#895,.T.);
#452=ORIENTED_EDGE('',*,*,#896,.T.);
#453=ORIENTED_EDGE('',*,*,#897,.T.);
#454=ORIENTED_EDGE('',*,*,#898,.T.);
#455=ORIENTED_EDGE('',*,*,#899,.T.);
#456=ORIENTED_EDGE('',*,*,#900,.T.);
#457=ORIENTED_EDGE('',*,*,#901,.T.);
#458=ORIENTED_EDGE('',*,*,#902,.F.);
#459=ORIENTED_EDGE('',*,*,#903,.T.);
#460=ORIENTED_EDGE('',*,*,#904,.T.);
#461=ORIENTED_EDGE('',*,*,#905,.T.);
#462=ORIENTED_EDGE('',*,*,#906,.T.);
#463=ORIENTED_EDGE('',*,*,#907,.T.);
#464=ORIENTED_EDGE('',*,*,#908,.T.);
#465=ORIENTED_EDGE('',*,*,#909,.F.);
#466=ORIENTED_EDGE('',*,*,#910,.T.);
#467=ORIENTED_EDGE('',*,*,#911,.F.);
#468=ORIENTED_EDGE('',*,*,#912,.T.);
#469=ORIENTED_EDGE('',*,*,#913,.T.);
#470=ORIENTED_EDGE('',*,*,#914,.T.);
#471=ORIENTED_EDGE('',*,*,#915,.T.);
#472=ORIENTED_EDGE('',*,*,#916,.T.);
#473=ORIENTED_EDGE('',*,*,#917,.F.);
#474=ORIENTED_EDGE('',*,*,#918,.T.);
#475=ORIENTED_EDGE('',*,*,#919,.T.);
#476=ORIENTED_EDGE('',*,*,#920,.T.);
#477=ORIENTED_EDGE('',*,*,#921,.T.);
#478=ORIENTED_EDGE('',*,*,#922,.T.);
#479=ORIENTED_EDGE('',*,*,#923,.F.);
#480=ORIENTED_EDGE('',*,*,#924,.T.);
#481=ORIENTED_EDGE('',*,*,#925,.T.);
#482=ORIENTED_EDGE('',*,*,#926,.T.);
#483=ORIENTED_EDGE('',*,*,#892,.T.);
#484=ORIENTED_EDGE('',*,*,#927,.T.);
#485=ORIENTED_EDGE('',*,*,#928,.T.);
#486=ORIENTED_EDGE('',*,*,#929,.T.);
#487=ORIENTED_EDGE('',*,*,#902,.T.);
#488=ORIENTED_EDGE('',*,*,#930,.T.);
#489=ORIENTED_EDGE('',*,*,#931,.T.);
#490=ORIENTED_EDGE('',*,*,#932,.T.);
#491=ORIENTED_EDGE('',*,*,#866,.F.);
#492=ORIENTED_EDGE('',*,*,#933,.T.);
#493=ORIENTED_EDGE('',*,*,#934,.T.);
#494=ORIENTED_EDGE('',*,*,#935,.T.);
#495=ORIENTED_EDGE('',*,*,#828,.F.);
#496=ORIENTED_EDGE('',*,*,#936,.T.);
#497=ORIENTED_EDGE('',*,*,#918,.F.);
#498=ORIENTED_EDGE('',*,*,#848,.T.);
#499=ORIENTED_EDGE('',*,*,#937,.T.);
#500=ORIENTED_EDGE('',*,*,#916,.F.);
#501=ORIENTED_EDGE('',*,*,#938,.T.);
#502=ORIENTED_EDGE('',*,*,#879,.F.);
#503=ORIENTED_EDGE('',*,*,#939,.T.);
#504=ORIENTED_EDGE('',*,*,#883,.T.);
#505=ORIENTED_EDGE('',*,*,#940,.T.);
#506=ORIENTED_EDGE('',*,*,#912,.F.);
#507=ORIENTED_EDGE('',*,*,#910,.F.);
#508=ORIENTED_EDGE('',*,*,#924,.F.);
#509=ORIENTED_EDGE('',*,*,#941,.T.);
#510=ORIENTED_EDGE('',*,*,#942,.T.);
#511=ORIENTED_EDGE('',*,*,#943,.T.);
#512=ORIENTED_EDGE('',*,*,#944,.T.);
#513=ORIENTED_EDGE('',*,*,#945,.T.);
#514=ORIENTED_EDGE('',*,*,#946,.T.);
#515=ORIENTED_EDGE('',*,*,#947,.T.);
#516=ORIENTED_EDGE('',*,*,#948,.T.);
#517=ORIENTED_EDGE('',*,*,#949,.T.);
#518=ORIENTED_EDGE('',*,*,#950,.T.);
#519=ORIENTED_EDGE('',*,*,#899,.F.);
#520=ORIENTED_EDGE('',*,*,#951,.T.);
#521=ORIENTED_EDGE('',*,*,#952,.T.);
#522=ORIENTED_EDGE('',*,*,#953,.T.);
#523=ORIENTED_EDGE('',*,*,#889,.F.);
#524=ORIENTED_EDGE('',*,*,#954,.T.);
#525=ORIENTED_EDGE('',*,*,#955,.T.);
#526=ORIENTED_EDGE('',*,*,#956,.T.);
#527=ORIENTED_EDGE('',*,*,#825,.T.);
#528=ORIENTED_EDGE('',*,*,#957,.T.);
#529=ORIENTED_EDGE('',*,*,#958,.T.);
#530=ORIENTED_EDGE('',*,*,#959,.T.);
#531=ORIENTED_EDGE('',*,*,#863,.T.);
#532=ORIENTED_EDGE('',*,*,#960,.T.);
#533=ORIENTED_EDGE('',*,*,#961,.F.);
#534=ORIENTED_EDGE('',*,*,#962,.F.);
#535=ORIENTED_EDGE('',*,*,#963,.T.);
#536=ORIENTED_EDGE('',*,*,#948,.F.);
#537=ORIENTED_EDGE('',*,*,#963,.F.);
#538=ORIENTED_EDGE('',*,*,#917,.T.);
#539=ORIENTED_EDGE('',*,*,#964,.T.);
#540=ORIENTED_EDGE('',*,*,#947,.F.);
#541=ORIENTED_EDGE('',*,*,#964,.F.);
#542=ORIENTED_EDGE('',*,*,#909,.T.);
#543=ORIENTED_EDGE('',*,*,#965,.T.);
#544=ORIENTED_EDGE('',*,*,#946,.F.);
#545=ORIENTED_EDGE('',*,*,#923,.T.);
#546=ORIENTED_EDGE('',*,*,#965,.F.);
#547=ORIENTED_EDGE('',*,*,#966,.T.);
#548=ORIENTED_EDGE('',*,*,#945,.F.);
#549=ORIENTED_EDGE('',*,*,#911,.T.);
#550=ORIENTED_EDGE('',*,*,#966,.F.);
#551=ORIENTED_EDGE('',*,*,#967,.T.);
#552=ORIENTED_EDGE('',*,*,#841,.F.);
#553=ORIENTED_EDGE('',*,*,#968,.F.);
#554=ORIENTED_EDGE('',*,*,#868,.F.);
#555=ORIENTED_EDGE('',*,*,#869,.T.);
#556=ORIENTED_EDGE('',*,*,#968,.T.);
#557=ORIENTED_EDGE('',*,*,#844,.T.);
#558=ORIENTED_EDGE('',*,*,#969,.F.);
#559=ORIENTED_EDGE('',*,*,#870,.T.);
#560=ORIENTED_EDGE('',*,*,#969,.T.);
#561=ORIENTED_EDGE('',*,*,#843,.T.);
#562=ORIENTED_EDGE('',*,*,#970,.F.);
#563=ORIENTED_EDGE('',*,*,#970,.T.);
#564=ORIENTED_EDGE('',*,*,#842,.F.);
#565=ORIENTED_EDGE('',*,*,#967,.F.);
#566=ORIENTED_EDGE('',*,*,#867,.F.);
#567=ORIENTED_EDGE('',*,*,#857,.T.);
#568=ORIENTED_EDGE('',*,*,#971,.T.);
#569=ORIENTED_EDGE('',*,*,#850,.T.);
#570=ORIENTED_EDGE('',*,*,#972,.F.);
#571=ORIENTED_EDGE('',*,*,#858,.T.);
#572=ORIENTED_EDGE('',*,*,#972,.T.);
#573=ORIENTED_EDGE('',*,*,#849,.T.);
#574=ORIENTED_EDGE('',*,*,#973,.F.);
#575=ORIENTED_EDGE('',*,*,#859,.T.);
#576=ORIENTED_EDGE('',*,*,#973,.T.);
#577=ORIENTED_EDGE('',*,*,#852,.T.);
#578=ORIENTED_EDGE('',*,*,#974,.F.);
#579=ORIENTED_EDGE('',*,*,#974,.T.);
#580=ORIENTED_EDGE('',*,*,#851,.F.);
#581=ORIENTED_EDGE('',*,*,#971,.F.);
#582=ORIENTED_EDGE('',*,*,#860,.F.);
#583=ORIENTED_EDGE('',*,*,#975,.T.);
#584=ORIENTED_EDGE('',*,*,#853,.F.);
#585=ORIENTED_EDGE('',*,*,#976,.F.);
#586=ORIENTED_EDGE('',*,*,#872,.F.);
#587=ORIENTED_EDGE('',*,*,#976,.T.);
#588=ORIENTED_EDGE('',*,*,#856,.F.);
#589=ORIENTED_EDGE('',*,*,#977,.F.);
#590=ORIENTED_EDGE('',*,*,#873,.F.);
#591=ORIENTED_EDGE('',*,*,#977,.T.);
#592=ORIENTED_EDGE('',*,*,#855,.F.);
#593=ORIENTED_EDGE('',*,*,#978,.F.);
#594=ORIENTED_EDGE('',*,*,#874,.F.);
#595=ORIENTED_EDGE('',*,*,#871,.T.);
#596=ORIENTED_EDGE('',*,*,#978,.T.);
#597=ORIENTED_EDGE('',*,*,#854,.T.);
#598=ORIENTED_EDGE('',*,*,#975,.F.);
#599=ORIENTED_EDGE('',*,*,#875,.T.);
#600=ORIENTED_EDGE('',*,*,#888,.F.);
#601=ORIENTED_EDGE('',*,*,#979,.T.);
#602=ORIENTED_EDGE('',*,*,#980,.T.);
#603=ORIENTED_EDGE('',*,*,#981,.F.);
#604=ORIENTED_EDGE('',*,*,#962,.T.);
#605=ORIENTED_EDGE('',*,*,#979,.F.);
#606=ORIENTED_EDGE('',*,*,#981,.T.);
#607=ORIENTED_EDGE('',*,*,#980,.F.);
#608=ORIENTED_EDGE('',*,*,#982,.T.);
#609=ORIENTED_EDGE('',*,*,#983,.T.);
#610=ORIENTED_EDGE('',*,*,#984,.F.);
#611=ORIENTED_EDGE('',*,*,#961,.T.);
#612=ORIENTED_EDGE('',*,*,#982,.F.);
#613=ORIENTED_EDGE('',*,*,#984,.T.);
#614=ORIENTED_EDGE('',*,*,#983,.F.);
#615=ORIENTED_EDGE('',*,*,#861,.F.);
#616=ORIENTED_EDGE('',*,*,#932,.F.);
#617=ORIENTED_EDGE('',*,*,#985,.F.);
#618=ORIENTED_EDGE('',*,*,#986,.F.);
#619=ORIENTED_EDGE('',*,*,#985,.T.);
#620=ORIENTED_EDGE('',*,*,#931,.F.);
#621=ORIENTED_EDGE('',*,*,#987,.F.);
#622=ORIENTED_EDGE('',*,*,#908,.F.);
#623=ORIENTED_EDGE('',*,*,#986,.T.);
#624=ORIENTED_EDGE('',*,*,#907,.F.);
#625=ORIENTED_EDGE('',*,*,#988,.F.);
#626=ORIENTED_EDGE('',*,*,#960,.F.);
#627=ORIENTED_EDGE('',*,*,#862,.F.);
#628=ORIENTED_EDGE('',*,*,#930,.F.);
#629=ORIENTED_EDGE('',*,*,#901,.F.);
#630=ORIENTED_EDGE('',*,*,#989,.F.);
#631=ORIENTED_EDGE('',*,*,#987,.T.);
#632=ORIENTED_EDGE('',*,*,#988,.T.);
#633=ORIENTED_EDGE('',*,*,#906,.F.);
#634=ORIENTED_EDGE('',*,*,#990,.F.);
#635=ORIENTED_EDGE('',*,*,#949,.F.);
#636=ORIENTED_EDGE('',*,*,#989,.T.);
#637=ORIENTED_EDGE('',*,*,#900,.F.);
#638=ORIENTED_EDGE('',*,*,#950,.F.);
#639=ORIENTED_EDGE('',*,*,#990,.T.);
#640=ORIENTED_EDGE('',*,*,#905,.F.);
#641=ORIENTED_EDGE('',*,*,#991,.F.);
#642=ORIENTED_EDGE('',*,*,#992,.F.);
#643=ORIENTED_EDGE('',*,*,#933,.F.);
#644=ORIENTED_EDGE('',*,*,#865,.F.);
#645=ORIENTED_EDGE('',*,*,#992,.T.);
#646=ORIENTED_EDGE('',*,*,#922,.F.);
#647=ORIENTED_EDGE('',*,*,#993,.F.);
#648=ORIENTED_EDGE('',*,*,#934,.F.);
#649=ORIENTED_EDGE('',*,*,#864,.F.);
#650=ORIENTED_EDGE('',*,*,#959,.F.);
#651=ORIENTED_EDGE('',*,*,#994,.F.);
#652=ORIENTED_EDGE('',*,*,#919,.F.);
#653=ORIENTED_EDGE('',*,*,#991,.T.);
#654=ORIENTED_EDGE('',*,*,#935,.F.);
#655=ORIENTED_EDGE('',*,*,#993,.T.);
#656=ORIENTED_EDGE('',*,*,#995,.F.);
#657=ORIENTED_EDGE('',*,*,#823,.F.);
#658=ORIENTED_EDGE('',*,*,#994,.T.);
#659=ORIENTED_EDGE('',*,*,#958,.F.);
#660=ORIENTED_EDGE('',*,*,#996,.F.);
#661=ORIENTED_EDGE('',*,*,#920,.F.);
#662=ORIENTED_EDGE('',*,*,#995,.T.);
#663=ORIENTED_EDGE('',*,*,#921,.F.);
#664=ORIENTED_EDGE('',*,*,#996,.T.);
#665=ORIENTED_EDGE('',*,*,#957,.F.);
#666=ORIENTED_EDGE('',*,*,#824,.F.);
#667=ORIENTED_EDGE('',*,*,#997,.F.);
#668=ORIENTED_EDGE('',*,*,#998,.F.);
#669=ORIENTED_EDGE('',*,*,#927,.F.);
#670=ORIENTED_EDGE('',*,*,#891,.F.);
#671=ORIENTED_EDGE('',*,*,#998,.T.);
#672=ORIENTED_EDGE('',*,*,#898,.F.);
#673=ORIENTED_EDGE('',*,*,#999,.F.);
#674=ORIENTED_EDGE('',*,*,#928,.F.);
#675=ORIENTED_EDGE('',*,*,#890,.F.);
#676=ORIENTED_EDGE('',*,*,#953,.F.);
#677=ORIENTED_EDGE('',*,*,#1000,.F.);
#678=ORIENTED_EDGE('',*,*,#895,.F.);
#679=ORIENTED_EDGE('',*,*,#997,.T.);
#680=ORIENTED_EDGE('',*,*,#929,.F.);
#681=ORIENTED_EDGE('',*,*,#999,.T.);
#682=ORIENTED_EDGE('',*,*,#1001,.F.);
#683=ORIENTED_EDGE('',*,*,#903,.F.);
#684=ORIENTED_EDGE('',*,*,#1000,.T.);
#685=ORIENTED_EDGE('',*,*,#952,.F.);
#686=ORIENTED_EDGE('',*,*,#1002,.F.);
#687=ORIENTED_EDGE('',*,*,#896,.F.);
#688=ORIENTED_EDGE('',*,*,#1001,.T.);
#689=ORIENTED_EDGE('',*,*,#897,.F.);
#690=ORIENTED_EDGE('',*,*,#1002,.T.);
#691=ORIENTED_EDGE('',*,*,#951,.F.);
#692=ORIENTED_EDGE('',*,*,#904,.F.);
#693=ORIENTED_EDGE('',*,*,#893,.F.);
#694=ORIENTED_EDGE('',*,*,#926,.F.);
#695=ORIENTED_EDGE('',*,*,#1003,.F.);
#696=ORIENTED_EDGE('',*,*,#1004,.F.);
#697=ORIENTED_EDGE('',*,*,#1003,.T.);
#698=ORIENTED_EDGE('',*,*,#925,.F.);
#699=ORIENTED_EDGE('',*,*,#1005,.F.);
#700=ORIENTED_EDGE('',*,*,#887,.F.);
#701=ORIENTED_EDGE('',*,*,#1004,.T.);
#702=ORIENTED_EDGE('',*,*,#886,.F.);
#703=ORIENTED_EDGE('',*,*,#1006,.F.);
#704=ORIENTED_EDGE('',*,*,#954,.F.);
#705=ORIENTED_EDGE('',*,*,#894,.F.);
#706=ORIENTED_EDGE('',*,*,#936,.F.);
#707=ORIENTED_EDGE('',*,*,#827,.F.);
#708=ORIENTED_EDGE('',*,*,#1007,.F.);
#709=ORIENTED_EDGE('',*,*,#1005,.T.);
#710=ORIENTED_EDGE('',*,*,#1006,.T.);
#711=ORIENTED_EDGE('',*,*,#885,.F.);
#712=ORIENTED_EDGE('',*,*,#1008,.F.);
#713=ORIENTED_EDGE('',*,*,#955,.F.);
#714=ORIENTED_EDGE('',*,*,#1007,.T.);
#715=ORIENTED_EDGE('',*,*,#826,.F.);
#716=ORIENTED_EDGE('',*,*,#956,.F.);
#717=ORIENTED_EDGE('',*,*,#1008,.T.);
#718=ORIENTED_EDGE('',*,*,#884,.F.);
#719=ORIENTED_EDGE('',*,*,#847,.F.);
#720=ORIENTED_EDGE('',*,*,#1009,.T.);
#721=ORIENTED_EDGE('',*,*,#913,.F.);
#722=ORIENTED_EDGE('',*,*,#937,.F.);
#723=ORIENTED_EDGE('',*,*,#882,.F.);
#724=ORIENTED_EDGE('',*,*,#1010,.T.);
#725=ORIENTED_EDGE('',*,*,#845,.F.);
#726=ORIENTED_EDGE('',*,*,#940,.F.);
#727=ORIENTED_EDGE('',*,*,#878,.F.);
#728=ORIENTED_EDGE('',*,*,#1011,.T.);
#729=ORIENTED_EDGE('',*,*,#880,.F.);
#730=ORIENTED_EDGE('',*,*,#939,.F.);
#731=ORIENTED_EDGE('',*,*,#915,.F.);
#732=ORIENTED_EDGE('',*,*,#1012,.T.);
#733=ORIENTED_EDGE('',*,*,#876,.F.);
#734=ORIENTED_EDGE('',*,*,#938,.F.);
#735=ORIENTED_EDGE('',*,*,#830,.F.);
#736=ORIENTED_EDGE('',*,*,#1013,.F.);
#737=ORIENTED_EDGE('',*,*,#1014,.T.);
#738=ORIENTED_EDGE('',*,*,#1015,.T.);
#739=ORIENTED_EDGE('',*,*,#829,.T.);
#740=ORIENTED_EDGE('',*,*,#1016,.F.);
#741=ORIENTED_EDGE('',*,*,#1017,.F.);
#742=ORIENTED_EDGE('',*,*,#1013,.T.);
#743=ORIENTED_EDGE('',*,*,#832,.T.);
#744=ORIENTED_EDGE('',*,*,#1018,.F.);
#745=ORIENTED_EDGE('',*,*,#1019,.F.);
#746=ORIENTED_EDGE('',*,*,#1016,.T.);
#747=ORIENTED_EDGE('',*,*,#831,.F.);
#748=ORIENTED_EDGE('',*,*,#1015,.F.);
#749=ORIENTED_EDGE('',*,*,#1020,.T.);
#750=ORIENTED_EDGE('',*,*,#1018,.T.);
#751=ORIENTED_EDGE('',*,*,#1014,.F.);
#752=ORIENTED_EDGE('',*,*,#1017,.T.);
#753=ORIENTED_EDGE('',*,*,#1019,.T.);
#754=ORIENTED_EDGE('',*,*,#1020,.F.);
#755=ORIENTED_EDGE('',*,*,#834,.F.);
#756=ORIENTED_EDGE('',*,*,#1021,.F.);
#757=ORIENTED_EDGE('',*,*,#1022,.T.);
#758=ORIENTED_EDGE('',*,*,#1023,.T.);
#759=ORIENTED_EDGE('',*,*,#833,.T.);
#760=ORIENTED_EDGE('',*,*,#1024,.F.);
#761=ORIENTED_EDGE('',*,*,#1025,.F.);
#762=ORIENTED_EDGE('',*,*,#1021,.T.);
#763=ORIENTED_EDGE('',*,*,#836,.T.);
#764=ORIENTED_EDGE('',*,*,#1026,.F.);
#765=ORIENTED_EDGE('',*,*,#1027,.F.);
#766=ORIENTED_EDGE('',*,*,#1024,.T.);
#767=ORIENTED_EDGE('',*,*,#835,.T.);
#768=ORIENTED_EDGE('',*,*,#1023,.F.);
#769=ORIENTED_EDGE('',*,*,#1028,.F.);
#770=ORIENTED_EDGE('',*,*,#1026,.T.);
#771=ORIENTED_EDGE('',*,*,#1022,.F.);
#772=ORIENTED_EDGE('',*,*,#1025,.T.);
#773=ORIENTED_EDGE('',*,*,#1027,.T.);
#774=ORIENTED_EDGE('',*,*,#1028,.T.);
#775=ORIENTED_EDGE('',*,*,#838,.F.);
#776=ORIENTED_EDGE('',*,*,#1029,.F.);
#777=ORIENTED_EDGE('',*,*,#1030,.T.);
#778=ORIENTED_EDGE('',*,*,#1031,.T.);
#779=ORIENTED_EDGE('',*,*,#837,.F.);
#780=ORIENTED_EDGE('',*,*,#1032,.F.);
#781=ORIENTED_EDGE('',*,*,#1033,.T.);
#782=ORIENTED_EDGE('',*,*,#1029,.T.);
#783=ORIENTED_EDGE('',*,*,#840,.F.);
#784=ORIENTED_EDGE('',*,*,#1034,.F.);
#785=ORIENTED_EDGE('',*,*,#1035,.T.);
#786=ORIENTED_EDGE('',*,*,#1032,.T.);
#787=ORIENTED_EDGE('',*,*,#839,.T.);
#788=ORIENTED_EDGE('',*,*,#1031,.F.);
#789=ORIENTED_EDGE('',*,*,#1036,.F.);
#790=ORIENTED_EDGE('',*,*,#1034,.T.);
#791=ORIENTED_EDGE('',*,*,#1030,.F.);
#792=ORIENTED_EDGE('',*,*,#1033,.F.);
#793=ORIENTED_EDGE('',*,*,#1035,.F.);
#794=ORIENTED_EDGE('',*,*,#1036,.T.);
#795=ORIENTED_EDGE('',*,*,#1037,.F.);
#796=ORIENTED_EDGE('',*,*,#1012,.F.);
#797=ORIENTED_EDGE('',*,*,#1038,.F.);
#798=ORIENTED_EDGE('',*,*,#1038,.T.);
#799=ORIENTED_EDGE('',*,*,#914,.F.);
#800=ORIENTED_EDGE('',*,*,#1039,.F.);
#801=ORIENTED_EDGE('',*,*,#944,.F.);
#802=ORIENTED_EDGE('',*,*,#1037,.T.);
#803=ORIENTED_EDGE('',*,*,#943,.F.);
#804=ORIENTED_EDGE('',*,*,#1040,.F.);
#805=ORIENTED_EDGE('',*,*,#877,.F.);
#806=ORIENTED_EDGE('',*,*,#1039,.T.);
#807=ORIENTED_EDGE('',*,*,#1009,.F.);
#808=ORIENTED_EDGE('',*,*,#1041,.F.);
#809=ORIENTED_EDGE('',*,*,#1011,.F.);
#810=ORIENTED_EDGE('',*,*,#1040,.T.);
#811=ORIENTED_EDGE('',*,*,#1042,.F.);
#812=ORIENTED_EDGE('',*,*,#1041,.T.);
#813=ORIENTED_EDGE('',*,*,#846,.F.);
#814=ORIENTED_EDGE('',*,*,#1043,.F.);
#815=ORIENTED_EDGE('',*,*,#941,.F.);
#816=ORIENTED_EDGE('',*,*,#1042,.T.);
#817=ORIENTED_EDGE('',*,*,#942,.F.);
#818=ORIENTED_EDGE('',*,*,#1044,.F.);
#819=ORIENTED_EDGE('',*,*,#881,.F.);
#820=ORIENTED_EDGE('',*,*,#1043,.T.);
#821=ORIENTED_EDGE('',*,*,#1010,.F.);
#822=ORIENTED_EDGE('',*,*,#1044,.T.);
#823=EDGE_CURVE('',#1045,#1046,#1195,.T.);
#824=EDGE_CURVE('',#1046,#1047,#179,.F.);
#825=EDGE_CURVE('',#1048,#1047,#180,.T.);
#826=EDGE_CURVE('',#1048,#1049,#181,.F.);
#827=EDGE_CURVE('',#1049,#1050,#1196,.F.);
#828=EDGE_CURVE('',#1050,#1045,#182,.T.);
#829=EDGE_CURVE('',#1051,#1052,#183,.T.);
#830=EDGE_CURVE('',#1051,#1053,#184,.T.);
#831=EDGE_CURVE('',#1053,#1054,#185,.T.);
#832=EDGE_CURVE('',#1052,#1054,#186,.T.);
#833=EDGE_CURVE('',#1055,#1056,#73,.T.);
#834=EDGE_CURVE('',#1055,#1057,#187,.T.);
#835=EDGE_CURVE('',#1058,#1057,#74,.T.);
#836=EDGE_CURVE('',#1056,#1058,#188,.T.);
#837=EDGE_CURVE('',#1059,#1060,#189,.T.);
#838=EDGE_CURVE('',#1060,#1061,#75,.T.);
#839=EDGE_CURVE('',#1062,#1061,#190,.T.);
#840=EDGE_CURVE('',#1062,#1059,#76,.T.);
#841=EDGE_CURVE('',#1063,#1064,#191,.T.);
#842=EDGE_CURVE('',#1064,#1065,#192,.T.);
#843=EDGE_CURVE('',#1066,#1065,#193,.T.);
#844=EDGE_CURVE('',#1063,#1066,#194,.T.);
#845=EDGE_CURVE('',#1067,#1068,#195,.T.);
#846=EDGE_CURVE('',#1068,#1069,#196,.T.);
#847=EDGE_CURVE('',#1069,#1070,#197,.F.);
#848=EDGE_CURVE('',#1067,#1070,#198,.T.);
#849=EDGE_CURVE('',#1071,#1072,#199,.T.);
#850=EDGE_CURVE('',#1073,#1071,#77,.T.);
#851=EDGE_CURVE('',#1073,#1074,#200,.T.);
#852=EDGE_CURVE('',#1072,#1074,#78,.T.);
#853=EDGE_CURVE('',#1075,#1076,#79,.T.);
#854=EDGE_CURVE('',#1077,#1076,#201,.T.);
#855=EDGE_CURVE('',#1077,#1078,#80,.T.);
#856=EDGE_CURVE('',#1078,#1075,#202,.T.);
#857=EDGE_CURVE('',#1079,#1080,#81,.T.);
#858=EDGE_CURVE('',#1081,#1079,#203,.T.);
#859=EDGE_CURVE('',#1082,#1081,#82,.T.);
#860=EDGE_CURVE('',#1082,#1080,#204,.T.);
#861=EDGE_CURVE('',#1083,#1084,#1197,.T.);
#862=EDGE_CURVE('',#1084,#1085,#205,.F.);
#863=EDGE_CURVE('',#1086,#1085,#206,.T.);
#864=EDGE_CURVE('',#1086,#1087,#207,.T.);
#865=EDGE_CURVE('',#1087,#1088,#1198,.F.);
#866=EDGE_CURVE('',#1088,#1083,#208,.T.);
#867=EDGE_CURVE('',#1089,#1090,#209,.T.);
#868=EDGE_CURVE('',#1090,#1091,#210,.T.);
#869=EDGE_CURVE('',#1092,#1091,#211,.T.);
#870=EDGE_CURVE('',#1089,#1092,#212,.T.);
#871=EDGE_CURVE('',#1093,#1094,#213,.T.);
#872=EDGE_CURVE('',#1093,#1095,#83,.F.);
#873=EDGE_CURVE('',#1095,#1096,#214,.T.);
#874=EDGE_CURVE('',#1096,#1094,#84,.F.);
#875=EDGE_CURVE('',#1097,#1097,#85,.T.);
#876=EDGE_CURVE('',#1098,#1099,#215,.T.);
#877=EDGE_CURVE('',#1099,#1100,#216,.F.);
#878=EDGE_CURVE('',#1100,#1101,#217,.F.);
#879=EDGE_CURVE('',#1101,#1098,#218,.T.);
#880=EDGE_CURVE('',#1102,#1103,#219,.T.);
#881=EDGE_CURVE('',#1103,#1104,#220,.T.);
#882=EDGE_CURVE('',#1104,#1105,#221,.F.);
#883=EDGE_CURVE('',#1102,#1105,#222,.T.);
#884=EDGE_CURVE('',#1106,#1107,#223,.T.);
#885=EDGE_CURVE('',#1107,#1108,#86,.T.);
#886=EDGE_CURVE('',#1108,#1109,#224,.F.);
#887=EDGE_CURVE('',#1109,#1106,#87,.F.);
#888=EDGE_CURVE('',#1110,#1110,#88,.T.);
#889=EDGE_CURVE('',#1111,#1112,#225,.T.);
#890=EDGE_CURVE('',#1112,#1113,#226,.T.);
#891=EDGE_CURVE('',#1113,#1114,#1199,.F.);
#892=EDGE_CURVE('',#1115,#1114,#227,.T.);
#893=EDGE_CURVE('',#1115,#1116,#1200,.T.);
#894=EDGE_CURVE('',#1116,#1111,#228,.F.);
#895=EDGE_CURVE('',#1117,#1118,#229,.T.);
#896=EDGE_CURVE('',#1118,#1119,#89,.T.);
#897=EDGE_CURVE('',#1119,#1120,#230,.F.);
#898=EDGE_CURVE('',#1120,#1117,#90,.F.);
#899=EDGE_CURVE('',#1121,#1122,#231,.T.);
#900=EDGE_CURVE('',#1122,#1123,#232,.F.);
#901=EDGE_CURVE('',#1123,#1124,#1201,.F.);
#902=EDGE_CURVE('',#1125,#1124,#233,.T.);
#903=EDGE_CURVE('',#1125,#1126,#1202,.T.);
#904=EDGE_CURVE('',#1126,#1121,#234,.F.);
#905=EDGE_CURVE('',#1127,#1128,#235,.T.);
#906=EDGE_CURVE('',#1128,#1129,#91,.T.);
#907=EDGE_CURVE('',#1129,#1130,#236,.F.);
#908=EDGE_CURVE('',#1130,#1127,#92,.F.);
#909=EDGE_CURVE('',#1131,#1131,#93,.T.);
#910=EDGE_CURVE('',#1132,#1132,#94,.T.);
#911=EDGE_CURVE('',#1133,#1133,#95,.T.);
#912=EDGE_CURVE('',#1134,#1134,#96,.T.);
#913=EDGE_CURVE('',#1135,#1136,#237,.T.);
#914=EDGE_CURVE('',#1136,#1137,#238,.F.);
#915=EDGE_CURVE('',#1137,#1138,#239,.F.);
#916=EDGE_CURVE('',#1138,#1135,#240,.T.);
#917=EDGE_CURVE('',#1139,#1139,#97,.T.);
#918=EDGE_CURVE('',#1140,#1140,#98,.T.);
#919=EDGE_CURVE('',#1141,#1142,#241,.T.);
#920=EDGE_CURVE('',#1142,#1143,#99,.T.);
#921=EDGE_CURVE('',#1143,#1144,#242,.F.);
#922=EDGE_CURVE('',#1144,#1141,#100,.F.);
#923=EDGE_CURVE('',#1145,#1145,#101,.T.);
#924=EDGE_CURVE('',#1146,#1146,#102,.T.);
#925=EDGE_CURVE('',#1147,#1148,#103,.T.);
#926=EDGE_CURVE('',#1148,#1115,#104,.F.);
#927=EDGE_CURVE('',#1114,#1149,#105,.F.);
#928=EDGE_CURVE('',#1149,#1150,#106,.T.);
#929=EDGE_CURVE('',#1150,#1125,#107,.F.);
#930=EDGE_CURVE('',#1124,#1151,#108,.F.);
#931=EDGE_CURVE('',#1151,#1152,#109,.T.);
#932=EDGE_CURVE('',#1152,#1083,#110,.F.);
#933=EDGE_CURVE('',#1088,#1153,#111,.F.);
#934=EDGE_CURVE('',#1153,#1154,#112,.T.);
#935=EDGE_CURVE('',#1154,#1045,#113,.F.);
#936=EDGE_CURVE('',#1050,#1147,#114,.F.);
#937=EDGE_CURVE('',#1070,#1135,#115,.T.);
#938=EDGE_CURVE('',#1138,#1098,#116,.T.);
#939=EDGE_CURVE('',#1101,#1102,#117,.T.);
#940=EDGE_CURVE('',#1105,#1067,#118,.T.);
#941=EDGE_CURVE('',#1155,#1156,#243,.F.);
#942=EDGE_CURVE('',#1156,#1157,#244,.F.);
#943=EDGE_CURVE('',#1157,#1158,#245,.T.);
#944=EDGE_CURVE('',#1158,#1155,#246,.T.);
#945=EDGE_CURVE('',#1159,#1159,#119,.T.);
#946=EDGE_CURVE('',#1160,#1160,#120,.T.);
#947=EDGE_CURVE('',#1161,#1161,#121,.T.);
#948=EDGE_CURVE('',#1162,#1162,#122,.T.);
#949=EDGE_CURVE('',#1163,#1164,#123,.F.);
#950=EDGE_CURVE('',#1164,#1122,#124,.T.);
#951=EDGE_CURVE('',#1121,#1165,#125,.T.);
#952=EDGE_CURVE('',#1165,#1166,#126,.F.);
#953=EDGE_CURVE('',#1166,#1112,#127,.T.);
#954=EDGE_CURVE('',#1111,#1167,#128,.T.);
#955=EDGE_CURVE('',#1167,#1168,#129,.F.);
#956=EDGE_CURVE('',#1168,#1048,#130,.T.);
#957=EDGE_CURVE('',#1047,#1169,#131,.T.);
#958=EDGE_CURVE('',#1169,#1170,#132,.F.);
#959=EDGE_CURVE('',#1170,#1086,#133,.T.);
#960=EDGE_CURVE('',#1085,#1163,#134,.T.);
#961=EDGE_CURVE('',#1171,#1171,#135,.T.);
#962=EDGE_CURVE('',#1172,#1172,#136,.T.);
#963=EDGE_CURVE('',#1173,#1173,#137,.T.);
#964=EDGE_CURVE('',#1174,#1174,#138,.T.);
#965=EDGE_CURVE('',#1175,#1175,#139,.T.);
#966=EDGE_CURVE('',#1176,#1176,#140,.T.);
#967=EDGE_CURVE('',#1090,#1064,#247,.T.);
#968=EDGE_CURVE('',#1091,#1063,#248,.T.);
#969=EDGE_CURVE('',#1092,#1066,#249,.T.);
#970=EDGE_CURVE('',#1089,#1065,#250,.T.);
#971=EDGE_CURVE('',#1080,#1073,#251,.T.);
#972=EDGE_CURVE('',#1079,#1071,#252,.T.);
#973=EDGE_CURVE('',#1081,#1072,#253,.T.);
#974=EDGE_CURVE('',#1082,#1074,#254,.T.);
#975=EDGE_CURVE('',#1093,#1076,#255,.T.);
#976=EDGE_CURVE('',#1095,#1075,#256,.T.);
#977=EDGE_CURVE('',#1096,#1078,#257,.T.);
#978=EDGE_CURVE('',#1094,#1077,#258,.T.);
#979=EDGE_CURVE('',#1177,#1177,#141,.T.);
#980=EDGE_CURVE('',#1178,#1178,#142,.F.);
#981=EDGE_CURVE('',#1179,#1179,#143,.T.);
#982=EDGE_CURVE('',#1180,#1180,#144,.T.);
#983=EDGE_CURVE('',#1181,#1181,#145,.F.);
#984=EDGE_CURVE('',#1182,#1182,#146,.T.);
#985=EDGE_CURVE('',#1130,#1152,#147,.T.);
#986=EDGE_CURVE('',#1084,#1130,#148,.T.);
#987=EDGE_CURVE('',#1127,#1151,#149,.T.);
#988=EDGE_CURVE('',#1163,#1129,#1203,.T.);
#989=EDGE_CURVE('',#1127,#1123,#150,.T.);
#990=EDGE_CURVE('',#1164,#1128,#1204,.T.);
#991=EDGE_CURVE('',#1141,#1087,#151,.T.);
#992=EDGE_CURVE('',#1153,#1141,#152,.T.);
#993=EDGE_CURVE('',#1154,#1144,#153,.T.);
#994=EDGE_CURVE('',#1142,#1170,#1205,.F.);
#995=EDGE_CURVE('',#1046,#1144,#154,.T.);
#996=EDGE_CURVE('',#1143,#1169,#1206,.F.);
#997=EDGE_CURVE('',#1117,#1113,#155,.T.);
#998=EDGE_CURVE('',#1149,#1117,#156,.T.);
#999=EDGE_CURVE('',#1150,#1120,#157,.T.);
#1000=EDGE_CURVE('',#1118,#1166,#1207,.F.);
#1001=EDGE_CURVE('',#1126,#1120,#158,.T.);
#1002=EDGE_CURVE('',#1119,#1165,#1208,.F.);
#1003=EDGE_CURVE('',#1109,#1148,#159,.T.);
#1004=EDGE_CURVE('',#1116,#1109,#160,.T.);
#1005=EDGE_CURVE('',#1106,#1147,#161,.T.);
#1006=EDGE_CURVE('',#1167,#1108,#1209,.T.);
#1007=EDGE_CURVE('',#1106,#1049,#162,.T.);
#1008=EDGE_CURVE('',#1168,#1107,#1210,.T.);
#1009=EDGE_CURVE('',#1069,#1136,#163,.T.);
#1010=EDGE_CURVE('',#1104,#1068,#164,.F.);
#1011=EDGE_CURVE('',#1100,#1103,#165,.T.);
#1012=EDGE_CURVE('',#1137,#1099,#166,.F.);
#1013=EDGE_CURVE('',#1183,#1051,#259,.T.);
#1014=EDGE_CURVE('',#1183,#1184,#260,.T.);
#1015=EDGE_CURVE('',#1184,#1053,#261,.T.);
#1016=EDGE_CURVE('',#1185,#1052,#262,.T.);
#1017=EDGE_CURVE('',#1183,#1185,#263,.T.);
#1018=EDGE_CURVE('',#1186,#1054,#264,.T.);
#1019=EDGE_CURVE('',#1185,#1186,#265,.T.);
#1020=EDGE_CURVE('',#1184,#1186,#266,.T.);
#1021=EDGE_CURVE('',#1187,#1055,#267,.T.);
#1022=EDGE_CURVE('',#1187,#1188,#268,.T.);
#1023=EDGE_CURVE('',#1188,#1057,#269,.T.);
#1024=EDGE_CURVE('',#1189,#1056,#270,.T.);
#1025=EDGE_CURVE('',#1187,#1189,#167,.T.);
#1026=EDGE_CURVE('',#1190,#1058,#271,.T.);
#1027=EDGE_CURVE('',#1189,#1190,#272,.T.);
#1028=EDGE_CURVE('',#1190,#1188,#168,.T.);
#1029=EDGE_CURVE('',#1191,#1060,#273,.T.);
#1030=EDGE_CURVE('',#1191,#1192,#169,.T.);
#1031=EDGE_CURVE('',#1192,#1061,#274,.T.);
#1032=EDGE_CURVE('',#1193,#1059,#275,.T.);
#1033=EDGE_CURVE('',#1193,#1191,#276,.T.);
#1034=EDGE_CURVE('',#1194,#1062,#277,.T.);
#1035=EDGE_CURVE('',#1194,#1193,#170,.T.);
#1036=EDGE_CURVE('',#1194,#1192,#278,.T.);
#1037=EDGE_CURVE('',#1099,#1158,#171,.T.);
#1038=EDGE_CURVE('',#1158,#1137,#172,.T.);
#1039=EDGE_CURVE('',#1155,#1136,#173,.T.);
#1040=EDGE_CURVE('',#1100,#1157,#174,.T.);
#1041=EDGE_CURVE('',#1155,#1069,#175,.T.);
#1042=EDGE_CURVE('',#1103,#1157,#176,.T.);
#1043=EDGE_CURVE('',#1156,#1068,#177,.T.);
#1044=EDGE_CURVE('',#1104,#1156,#178,.T.);
#1045=VERTEX_POINT('',#2365);
#1046=VERTEX_POINT('',#2366);
#1047=VERTEX_POINT('',#2368);
#1048=VERTEX_POINT('',#2370);
#1049=VERTEX_POINT('',#2372);
#1050=VERTEX_POINT('',#2378);
#1051=VERTEX_POINT('',#2381);
#1052=VERTEX_POINT('',#2382);
#1053=VERTEX_POINT('',#2384);
#1054=VERTEX_POINT('',#2386);
#1055=VERTEX_POINT('',#2389);
#1056=VERTEX_POINT('',#2390);
#1057=VERTEX_POINT('',#2392);
#1058=VERTEX_POINT('',#2394);
#1059=VERTEX_POINT('',#2397);
#1060=VERTEX_POINT('',#2398);
#1061=VERTEX_POINT('',#2400);
#1062=VERTEX_POINT('',#2402);
#1063=VERTEX_POINT('',#2406);
#1064=VERTEX_POINT('',#2407);
#1065=VERTEX_POINT('',#2409);
#1066=VERTEX_POINT('',#2411);
#1067=VERTEX_POINT('',#2414);
#1068=VERTEX_POINT('',#2415);
#1069=VERTEX_POINT('',#2417);
#1070=VERTEX_POINT('',#2419);
#1071=VERTEX_POINT('',#2422);
#1072=VERTEX_POINT('',#2423);
#1073=VERTEX_POINT('',#2425);
#1074=VERTEX_POINT('',#2427);
#1075=VERTEX_POINT('',#2430);
#1076=VERTEX_POINT('',#2431);
#1077=VERTEX_POINT('',#2433);
#1078=VERTEX_POINT('',#2435);
#1079=VERTEX_POINT('',#2439);
#1080=VERTEX_POINT('',#2440);
#1081=VERTEX_POINT('',#2442);
#1082=VERTEX_POINT('',#2444);
#1083=VERTEX_POINT('',#2451);
#1084=VERTEX_POINT('',#2452);
#1085=VERTEX_POINT('',#2454);
#1086=VERTEX_POINT('',#2456);
#1087=VERTEX_POINT('',#2458);
#1088=VERTEX_POINT('',#2464);
#1089=VERTEX_POINT('',#2467);
#1090=VERTEX_POINT('',#2468);
#1091=VERTEX_POINT('',#2470);
#1092=VERTEX_POINT('',#2472);
#1093=VERTEX_POINT('',#2475);
#1094=VERTEX_POINT('',#2476);
#1095=VERTEX_POINT('',#2478);
#1096=VERTEX_POINT('',#2480);
#1097=VERTEX_POINT('',#2484);
#1098=VERTEX_POINT('',#2486);
#1099=VERTEX_POINT('',#2487);
#1100=VERTEX_POINT('',#2489);
#1101=VERTEX_POINT('',#2491);
#1102=VERTEX_POINT('',#2495);
#1103=VERTEX_POINT('',#2496);
#1104=VERTEX_POINT('',#2498);
#1105=VERTEX_POINT('',#2500);
#1106=VERTEX_POINT('',#2504);
#1107=VERTEX_POINT('',#2505);
#1108=VERTEX_POINT('',#2507);
#1109=VERTEX_POINT('',#2509);
#1110=VERTEX_POINT('',#2513);
#1111=VERTEX_POINT('',#2515);
#1112=VERTEX_POINT('',#2516);
#1113=VERTEX_POINT('',#2518);
#1114=VERTEX_POINT('',#2524);
#1115=VERTEX_POINT('',#2526);
#1116=VERTEX_POINT('',#2532);
#1117=VERTEX_POINT('',#2536);
#1118=VERTEX_POINT('',#2537);
#1119=VERTEX_POINT('',#2539);
#1120=VERTEX_POINT('',#2541);
#1121=VERTEX_POINT('',#2545);
#1122=VERTEX_POINT('',#2546);
#1123=VERTEX_POINT('',#2548);
#1124=VERTEX_POINT('',#2554);
#1125=VERTEX_POINT('',#2556);
#1126=VERTEX_POINT('',#2562);
#1127=VERTEX_POINT('',#2566);
#1128=VERTEX_POINT('',#2567);
#1129=VERTEX_POINT('',#2569);
#1130=VERTEX_POINT('',#2571);
#1131=VERTEX_POINT('',#2575);
#1132=VERTEX_POINT('',#2577);
#1133=VERTEX_POINT('',#2580);
#1134=VERTEX_POINT('',#2582);
#1135=VERTEX_POINT('',#2585);
#1136=VERTEX_POINT('',#2586);
#1137=VERTEX_POINT('',#2588);
#1138=VERTEX_POINT('',#2590);
#1139=VERTEX_POINT('',#2594);
#1140=VERTEX_POINT('',#2596);
#1141=VERTEX_POINT('',#2599);
#1142=VERTEX_POINT('',#2600);
#1143=VERTEX_POINT('',#2602);
#1144=VERTEX_POINT('',#2604);
#1145=VERTEX_POINT('',#2608);
#1146=VERTEX_POINT('',#2610);
#1147=VERTEX_POINT('',#2613);
#1148=VERTEX_POINT('',#2614);
#1149=VERTEX_POINT('',#2617);
#1150=VERTEX_POINT('',#2619);
#1151=VERTEX_POINT('',#2622);
#1152=VERTEX_POINT('',#2624);
#1153=VERTEX_POINT('',#2627);
#1154=VERTEX_POINT('',#2629);
#1155=VERTEX_POINT('',#2638);
#1156=VERTEX_POINT('',#2639);
#1157=VERTEX_POINT('',#2641);
#1158=VERTEX_POINT('',#2643);
#1159=VERTEX_POINT('',#2646);
#1160=VERTEX_POINT('',#2648);
#1161=VERTEX_POINT('',#2650);
#1162=VERTEX_POINT('',#2652);
#1163=VERTEX_POINT('',#2655);
#1164=VERTEX_POINT('',#2656);
#1165=VERTEX_POINT('',#2659);
#1166=VERTEX_POINT('',#2661);
#1167=VERTEX_POINT('',#2664);
#1168=VERTEX_POINT('',#2666);
#1169=VERTEX_POINT('',#2669);
#1170=VERTEX_POINT('',#2671);
#1171=VERTEX_POINT('',#2675);
#1172=VERTEX_POINT('',#2677);
#1173=VERTEX_POINT('',#2680);
#1174=VERTEX_POINT('',#2684);
#1175=VERTEX_POINT('',#2688);
#1176=VERTEX_POINT('',#2692);
#1177=VERTEX_POINT('',#2721);
#1178=VERTEX_POINT('',#2723);
#1179=VERTEX_POINT('',#2726);
#1180=VERTEX_POINT('',#2731);
#1181=VERTEX_POINT('',#2733);
#1182=VERTEX_POINT('',#2736);
#1183=VERTEX_POINT('',#2837);
#1184=VERTEX_POINT('',#2839);
#1185=VERTEX_POINT('',#2843);
#1186=VERTEX_POINT('',#2847);
#1187=VERTEX_POINT('',#2854);
#1188=VERTEX_POINT('',#2856);
#1189=VERTEX_POINT('',#2860);
#1190=VERTEX_POINT('',#2864);
#1191=VERTEX_POINT('',#2871);
#1192=VERTEX_POINT('',#2873);
#1193=VERTEX_POINT('',#2877);
#1194=VERTEX_POINT('',#2881);
#1195=B_SPLINE_CURVE_WITH_KNOTS('',3,(#2360,#2361,#2362,#2363,#2364),
 .UNSPECIFIED.,.F.,.F.,(4,1,4),(0.,0.0015356119540665,0.00307122390813299),
 .UNSPECIFIED.);
#1196=B_SPLINE_CURVE_WITH_KNOTS('',3,(#2373,#2374,#2375,#2376,#2377),
 .UNSPECIFIED.,.F.,.F.,(4,1,4),(0.,0.0015356119540665,0.00307122390813299),
 .UNSPECIFIED.);
#1197=B_SPLINE_CURVE_WITH_KNOTS('',3,(#2446,#2447,#2448,#2449,#2450),
 .UNSPECIFIED.,.F.,.F.,(4,1,4),(0.,0.00153561195406652,0.00307122390813304),
 .UNSPECIFIED.);
#1198=B_SPLINE_CURVE_WITH_KNOTS('',3,(#2459,#2460,#2461,#2462,#2463),
 .UNSPECIFIED.,.F.,.F.,(4,1,4),(0.,0.0015356119540665,0.00307122390813299),
 .UNSPECIFIED.);
#1199=B_SPLINE_CURVE_WITH_KNOTS('',3,(#2519,#2520,#2521,#2522,#2523),
 .UNSPECIFIED.,.F.,.F.,(4,1,4),(0.,0.0015356119540665,0.00307122390813299),
 .UNSPECIFIED.);
#1200=B_SPLINE_CURVE_WITH_KNOTS('',3,(#2527,#2528,#2529,#2530,#2531),
 .UNSPECIFIED.,.F.,.F.,(4,1,4),(0.,0.0015356119540665,0.00307122390813299),
 .UNSPECIFIED.);
#1201=B_SPLINE_CURVE_WITH_KNOTS('',3,(#2549,#2550,#2551,#2552,#2553),
 .UNSPECIFIED.,.F.,.F.,(4,1,4),(0.,0.0015356119540665,0.00307122390813299),
 .UNSPECIFIED.);
#1202=B_SPLINE_CURVE_WITH_KNOTS('',3,(#2557,#2558,#2559,#2560,#2561),
 .UNSPECIFIED.,.F.,.F.,(4,1,4),(0.,0.0015356119540665,0.00307122390813299),
 .UNSPECIFIED.);
#1203=B_SPLINE_CURVE_WITH_KNOTS('',3,(#2745,#2746,#2747,#2748,#2749,#2750),
 .UNSPECIFIED.,.F.,.F.,(4,1,1,4),(0.,0.000677977312617874,0.00135595462523575,
0.0027119092504715),.UNSPECIFIED.);
#1204=B_SPLINE_CURVE_WITH_KNOTS('',3,(#2754,#2755,#2756,#2757,#2758,#2759),
 .UNSPECIFIED.,.F.,.F.,(4,1,1,4),(0.,0.000677977312617869,0.00135595462523574,
0.00271190925047147),.UNSPECIFIED.);
#1205=B_SPLINE_CURVE_WITH_KNOTS('',3,(#2767,#2768,#2769,#2770,#2771,#2772),
 .UNSPECIFIED.,.F.,.F.,(4,1,1,4),(0.,0.000677977312617874,0.00135595462523575,
0.00271190925047149),.UNSPECIFIED.);
#1206=B_SPLINE_CURVE_WITH_KNOTS('',3,(#2776,#2777,#2778,#2779,#2780,#2781),
 .UNSPECIFIED.,.F.,.F.,(4,1,1,4),(0.,0.000677977312617874,0.00135595462523575,
0.00271190925047149),.UNSPECIFIED.);
#1207=B_SPLINE_CURVE_WITH_KNOTS('',3,(#2789,#2790,#2791,#2792,#2793,#2794),
 .UNSPECIFIED.,.F.,.F.,(4,1,1,4),(0.,0.000677977312617874,0.00135595462523575,
0.0027119092504715),.UNSPECIFIED.);
#1208=B_SPLINE_CURVE_WITH_KNOTS('',3,(#2798,#2799,#2800,#2801,#2802,#2803),
 .UNSPECIFIED.,.F.,.F.,(4,1,1,4),(0.,0.000677977312617873,0.00135595462523575,
0.00271190925047149),.UNSPECIFIED.);
#1209=B_SPLINE_CURVE_WITH_KNOTS('',3,(#2811,#2812,#2813,#2814,#2815,#2816),
 .UNSPECIFIED.,.F.,.F.,(4,1,1,4),(0.,0.000677977312617873,0.00135595462523575,
0.00271190925047149),.UNSPECIFIED.);
#1210=B_SPLINE_CURVE_WITH_KNOTS('',3,(#2820,#2821,#2822,#2823,#2824,#2825),
 .UNSPECIFIED.,.F.,.F.,(4,1,1,4),(0.,0.000677977312617874,0.00135595462523575,
0.00271190925047149),.UNSPECIFIED.);
#1211=EDGE_LOOP('',(#379,#380,#381,#382,#383,#384));
#1212=EDGE_LOOP('',(#385,#386,#387,#388));
#1213=EDGE_LOOP('',(#389,#390,#391,#392));
#1214=EDGE_LOOP('',(#393,#394,#395,#396));
#1215=EDGE_LOOP('',(#397,#398,#399,#400));
#1216=EDGE_LOOP('',(#401,#402,#403,#404));
#1217=EDGE_LOOP('',(#405,#406,#407,#408));
#1218=EDGE_LOOP('',(#409,#410,#411,#412));
#1219=EDGE_LOOP('',(#413,#414,#415,#416));
#1220=EDGE_LOOP('',(#417,#418,#419,#420,#421,#422));
#1221=EDGE_LOOP('',(#423,#424,#425,#426));
#1222=EDGE_LOOP('',(#427,#428,#429,#430));
#1223=EDGE_LOOP('',(#431));
#1224=EDGE_LOOP('',(#432,#433,#434,#435));
#1225=EDGE_LOOP('',(#436,#437,#438,#439));
#1226=EDGE_LOOP('',(#440,#441,#442,#443));
#1227=EDGE_LOOP('',(#444));
#1228=EDGE_LOOP('',(#445,#446,#447,#448,#449,#450));
#1229=EDGE_LOOP('',(#451,#452,#453,#454));
#1230=EDGE_LOOP('',(#455,#456,#457,#458,#459,#460));
#1231=EDGE_LOOP('',(#461,#462,#463,#464));
#1232=EDGE_LOOP('',(#465));
#1233=EDGE_LOOP('',(#466));
#1234=EDGE_LOOP('',(#467));
#1235=EDGE_LOOP('',(#468));
#1236=EDGE_LOOP('',(#469,#470,#471,#472));
#1237=EDGE_LOOP('',(#473));
#1238=EDGE_LOOP('',(#474));
#1239=EDGE_LOOP('',(#475,#476,#477,#478));
#1240=EDGE_LOOP('',(#479));
#1241=EDGE_LOOP('',(#480));
#1242=EDGE_LOOP('',(#481,#482,#483,#484,#485,#486,#487,#488,#489,#490,#491,
#492,#493,#494,#495,#496));
#1243=EDGE_LOOP('',(#497));
#1244=EDGE_LOOP('',(#498,#499,#500,#501,#502,#503,#504,#505));
#1245=EDGE_LOOP('',(#506));
#1246=EDGE_LOOP('',(#507));
#1247=EDGE_LOOP('',(#508));
#1248=EDGE_LOOP('',(#509,#510,#511,#512));
#1249=EDGE_LOOP('',(#513));
#1250=EDGE_LOOP('',(#514));
#1251=EDGE_LOOP('',(#515));
#1252=EDGE_LOOP('',(#516));
#1253=EDGE_LOOP('',(#517,#518,#519,#520,#521,#522,#523,#524,#525,#526,#527,
#528,#529,#530,#531,#532));
#1254=EDGE_LOOP('',(#533));
#1255=EDGE_LOOP('',(#534));
#1256=EDGE_LOOP('',(#535));
#1257=EDGE_LOOP('',(#536));
#1258=EDGE_LOOP('',(#537));
#1259=EDGE_LOOP('',(#538));
#1260=EDGE_LOOP('',(#539));
#1261=EDGE_LOOP('',(#540));
#1262=EDGE_LOOP('',(#541));
#1263=EDGE_LOOP('',(#542));
#1264=EDGE_LOOP('',(#543));
#1265=EDGE_LOOP('',(#544));
#1266=EDGE_LOOP('',(#545));
#1267=EDGE_LOOP('',(#546));
#1268=EDGE_LOOP('',(#547));
#1269=EDGE_LOOP('',(#548));
#1270=EDGE_LOOP('',(#549));
#1271=EDGE_LOOP('',(#550));
#1272=EDGE_LOOP('',(#551,#552,#553,#554));
#1273=EDGE_LOOP('',(#555,#556,#557,#558));
#1274=EDGE_LOOP('',(#559,#560,#561,#562));
#1275=EDGE_LOOP('',(#563,#564,#565,#566));
#1276=EDGE_LOOP('',(#567,#568,#569,#570));
#1277=EDGE_LOOP('',(#571,#572,#573,#574));
#1278=EDGE_LOOP('',(#575,#576,#577,#578));
#1279=EDGE_LOOP('',(#579,#580,#581,#582));
#1280=EDGE_LOOP('',(#583,#584,#585,#586));
#1281=EDGE_LOOP('',(#587,#588,#589,#590));
#1282=EDGE_LOOP('',(#591,#592,#593,#594));
#1283=EDGE_LOOP('',(#595,#596,#597,#598));
#1284=EDGE_LOOP('',(#599));
#1285=EDGE_LOOP('',(#600));
#1286=EDGE_LOOP('',(#601));
#1287=EDGE_LOOP('',(#602));
#1288=EDGE_LOOP('',(#603));
#1289=EDGE_LOOP('',(#604));
#1290=EDGE_LOOP('',(#605));
#1291=EDGE_LOOP('',(#606));
#1292=EDGE_LOOP('',(#607));
#1293=EDGE_LOOP('',(#608));
#1294=EDGE_LOOP('',(#609));
#1295=EDGE_LOOP('',(#610));
#1296=EDGE_LOOP('',(#611));
#1297=EDGE_LOOP('',(#612));
#1298=EDGE_LOOP('',(#613));
#1299=EDGE_LOOP('',(#614));
#1300=EDGE_LOOP('',(#615,#616,#617,#618));
#1301=EDGE_LOOP('',(#619,#620,#621,#622));
#1302=EDGE_LOOP('',(#623,#624,#625,#626,#627));
#1303=EDGE_LOOP('',(#628,#629,#630,#631));
#1304=EDGE_LOOP('',(#632,#633,#634,#635));
#1305=EDGE_LOOP('',(#636,#637,#638,#639,#640));
#1306=EDGE_LOOP('',(#641,#642,#643,#644));
#1307=EDGE_LOOP('',(#645,#646,#647,#648));
#1308=EDGE_LOOP('',(#649,#650,#651,#652,#653));
#1309=EDGE_LOOP('',(#654,#655,#656,#657));
#1310=EDGE_LOOP('',(#658,#659,#660,#661));
#1311=EDGE_LOOP('',(#662,#663,#664,#665,#666));
#1312=EDGE_LOOP('',(#667,#668,#669,#670));
#1313=EDGE_LOOP('',(#671,#672,#673,#674));
#1314=EDGE_LOOP('',(#675,#676,#677,#678,#679));
#1315=EDGE_LOOP('',(#680,#681,#682,#683));
#1316=EDGE_LOOP('',(#684,#685,#686,#687));
#1317=EDGE_LOOP('',(#688,#689,#690,#691,#692));
#1318=EDGE_LOOP('',(#693,#694,#695,#696));
#1319=EDGE_LOOP('',(#697,#698,#699,#700));
#1320=EDGE_LOOP('',(#701,#702,#703,#704,#705));
#1321=EDGE_LOOP('',(#706,#707,#708,#709));
#1322=EDGE_LOOP('',(#710,#711,#712,#713));
#1323=EDGE_LOOP('',(#714,#715,#716,#717,#718));
#1324=EDGE_LOOP('',(#719,#720,#721,#722));
#1325=EDGE_LOOP('',(#723,#724,#725,#726));
#1326=EDGE_LOOP('',(#727,#728,#729,#730));
#1327=EDGE_LOOP('',(#731,#732,#733,#734));
#1328=EDGE_LOOP('',(#735,#736,#737,#738));
#1329=EDGE_LOOP('',(#739,#740,#741,#742));
#1330=EDGE_LOOP('',(#743,#744,#745,#746));
#1331=EDGE_LOOP('',(#747,#748,#749,#750));
#1332=EDGE_LOOP('',(#751,#752,#753,#754));
#1333=EDGE_LOOP('',(#755,#756,#757,#758));
#1334=EDGE_LOOP('',(#759,#760,#761,#762));
#1335=EDGE_LOOP('',(#763,#764,#765,#766));
#1336=EDGE_LOOP('',(#767,#768,#769,#770));
#1337=EDGE_LOOP('',(#771,#772,#773,#774));
#1338=EDGE_LOOP('',(#775,#776,#777,#778));
#1339=EDGE_LOOP('',(#779,#780,#781,#782));
#1340=EDGE_LOOP('',(#783,#784,#785,#786));
#1341=EDGE_LOOP('',(#787,#788,#789,#790));
#1342=EDGE_LOOP('',(#791,#792,#793,#794));
#1343=EDGE_LOOP('',(#795,#796,#797));
#1344=EDGE_LOOP('',(#798,#799,#800,#801));
#1345=EDGE_LOOP('',(#802,#803,#804,#805));
#1346=EDGE_LOOP('',(#806,#807,#808));
#1347=EDGE_LOOP('',(#809,#810,#811));
#1348=EDGE_LOOP('',(#812,#813,#814,#815));
#1349=EDGE_LOOP('',(#816,#817,#818,#819));
#1350=EDGE_LOOP('',(#820,#821,#822));
#1351=FACE_BOUND('',#1211,.T.);
#1352=FACE_BOUND('',#1212,.T.);
#1353=FACE_BOUND('',#1213,.T.);
#1354=FACE_BOUND('',#1214,.T.);
#1355=FACE_BOUND('',#1215,.T.);
#1356=FACE_BOUND('',#1216,.T.);
#1357=FACE_BOUND('',#1217,.T.);
#1358=FACE_BOUND('',#1218,.T.);
#1359=FACE_BOUND('',#1219,.T.);
#1360=FACE_BOUND('',#1220,.T.);
#1361=FACE_BOUND('',#1221,.T.);
#1362=FACE_BOUND('',#1222,.T.);
#1363=FACE_BOUND('',#1223,.T.);
#1364=FACE_BOUND('',#1224,.T.);
#1365=FACE_BOUND('',#1225,.T.);
#1366=FACE_BOUND('',#1226,.T.);
#1367=FACE_BOUND('',#1227,.T.);
#1368=FACE_BOUND('',#1228,.T.);
#1369=FACE_BOUND('',#1229,.T.);
#1370=FACE_BOUND('',#1230,.T.);
#1371=FACE_BOUND('',#1231,.T.);
#1372=FACE_BOUND('',#1232,.T.);
#1373=FACE_BOUND('',#1233,.T.);
#1374=FACE_BOUND('',#1234,.T.);
#1375=FACE_BOUND('',#1235,.T.);
#1376=FACE_BOUND('',#1236,.T.);
#1377=FACE_BOUND('',#1237,.T.);
#1378=FACE_BOUND('',#1238,.T.);
#1379=FACE_BOUND('',#1239,.T.);
#1380=FACE_BOUND('',#1240,.T.);
#1381=FACE_BOUND('',#1241,.T.);
#1382=FACE_BOUND('',#1242,.T.);
#1383=FACE_BOUND('',#1243,.T.);
#1384=FACE_BOUND('',#1244,.T.);
#1385=FACE_BOUND('',#1245,.T.);
#1386=FACE_BOUND('',#1246,.T.);
#1387=FACE_BOUND('',#1247,.T.);
#1388=FACE_BOUND('',#1248,.T.);
#1389=FACE_BOUND('',#1249,.T.);
#1390=FACE_BOUND('',#1250,.T.);
#1391=FACE_BOUND('',#1251,.T.);
#1392=FACE_BOUND('',#1252,.T.);
#1393=FACE_BOUND('',#1253,.T.);
#1394=FACE_BOUND('',#1254,.T.);
#1395=FACE_BOUND('',#1255,.T.);
#1396=FACE_BOUND('',#1256,.T.);
#1397=FACE_BOUND('',#1257,.T.);
#1398=FACE_BOUND('',#1258,.T.);
#1399=FACE_BOUND('',#1259,.T.);
#1400=FACE_BOUND('',#1260,.T.);
#1401=FACE_BOUND('',#1261,.T.);
#1402=FACE_BOUND('',#1262,.T.);
#1403=FACE_BOUND('',#1263,.T.);
#1404=FACE_BOUND('',#1264,.T.);
#1405=FACE_BOUND('',#1265,.T.);
#1406=FACE_BOUND('',#1266,.T.);
#1407=FACE_BOUND('',#1267,.T.);
#1408=FACE_BOUND('',#1268,.T.);
#1409=FACE_BOUND('',#1269,.T.);
#1410=FACE_BOUND('',#1270,.T.);
#1411=FACE_BOUND('',#1271,.T.);
#1412=FACE_BOUND('',#1272,.T.);
#1413=FACE_BOUND('',#1273,.T.);
#1414=FACE_BOUND('',#1274,.T.);
#1415=FACE_BOUND('',#1275,.T.);
#1416=FACE_BOUND('',#1276,.T.);
#1417=FACE_BOUND('',#1277,.T.);
#1418=FACE_BOUND('',#1278,.T.);
#1419=FACE_BOUND('',#1279,.T.);
#1420=FACE_BOUND('',#1280,.T.);
#1421=FACE_BOUND('',#1281,.T.);
#1422=FACE_BOUND('',#1282,.T.);
#1423=FACE_BOUND('',#1283,.T.);
#1424=FACE_BOUND('',#1284,.T.);
#1425=FACE_BOUND('',#1285,.T.);
#1426=FACE_BOUND('',#1286,.T.);
#1427=FACE_BOUND('',#1287,.T.);
#1428=FACE_BOUND('',#1288,.T.);
#1429=FACE_BOUND('',#1289,.T.);
#1430=FACE_BOUND('',#1290,.T.);
#1431=FACE_BOUND('',#1291,.T.);
#1432=FACE_BOUND('',#1292,.T.);
#1433=FACE_BOUND('',#1293,.T.);
#1434=FACE_BOUND('',#1294,.T.);
#1435=FACE_BOUND('',#1295,.T.);
#1436=FACE_BOUND('',#1296,.T.);
#1437=FACE_BOUND('',#1297,.T.);
#1438=FACE_BOUND('',#1298,.T.);
#1439=FACE_BOUND('',#1299,.T.);
#1440=FACE_BOUND('',#1300,.T.);
#1441=FACE_BOUND('',#1301,.T.);
#1442=FACE_BOUND('',#1302,.T.);
#1443=FACE_BOUND('',#1303,.T.);
#1444=FACE_BOUND('',#1304,.T.);
#1445=FACE_BOUND('',#1305,.T.);
#1446=FACE_BOUND('',#1306,.T.);
#1447=FACE_BOUND('',#1307,.T.);
#1448=FACE_BOUND('',#1308,.T.);
#1449=FACE_BOUND('',#1309,.T.);
#1450=FACE_BOUND('',#1310,.T.);
#1451=FACE_BOUND('',#1311,.T.);
#1452=FACE_BOUND('',#1312,.T.);
#1453=FACE_BOUND('',#1313,.T.);
#1454=FACE_BOUND('',#1314,.T.);
#1455=FACE_BOUND('',#1315,.T.);
#1456=FACE_BOUND('',#1316,.T.);
#1457=FACE_BOUND('',#1317,.T.);
#1458=FACE_BOUND('',#1318,.T.);
#1459=FACE_BOUND('',#1319,.T.);
#1460=FACE_BOUND('',#1320,.T.);
#1461=FACE_BOUND('',#1321,.T.);
#1462=FACE_BOUND('',#1322,.T.);
#1463=FACE_BOUND('',#1323,.T.);
#1464=FACE_BOUND('',#1324,.T.);
#1465=FACE_BOUND('',#1325,.T.);
#1466=FACE_BOUND('',#1326,.T.);
#1467=FACE_BOUND('',#1327,.T.);
#1468=FACE_BOUND('',#1328,.T.);
#1469=FACE_BOUND('',#1329,.T.);
#1470=FACE_BOUND('',#1330,.T.);
#1471=FACE_BOUND('',#1331,.T.);
#1472=FACE_BOUND('',#1332,.T.);
#1473=FACE_BOUND('',#1333,.T.);
#1474=FACE_BOUND('',#1334,.T.);
#1475=FACE_BOUND('',#1335,.T.);
#1476=FACE_BOUND('',#1336,.T.);
#1477=FACE_BOUND('',#1337,.T.);
#1478=FACE_BOUND('',#1338,.T.);
#1479=FACE_BOUND('',#1339,.T.);
#1480=FACE_BOUND('',#1340,.T.);
#1481=FACE_BOUND('',#1341,.T.);
#1482=FACE_BOUND('',#1342,.T.);
#1483=FACE_BOUND('',#1343,.T.);
#1484=FACE_BOUND('',#1344,.T.);
#1485=FACE_BOUND('',#1345,.T.);
#1486=FACE_BOUND('',#1346,.T.);
#1487=FACE_BOUND('',#1347,.T.);
#1488=FACE_BOUND('',#1348,.T.);
#1489=FACE_BOUND('',#1349,.T.);
#1490=FACE_BOUND('',#1350,.T.);
#1491=PLANE('',#1641);
#1492=PLANE('',#1646);
#1493=PLANE('',#1651);
#1494=PLANE('',#1656);
#1495=PLANE('',#1658);
#1496=PLANE('',#1662);
#1497=PLANE('',#1667);
#1498=PLANE('',#1677);
#1499=PLANE('',#1687);
#1500=PLANE('',#1704);
#1501=PLANE('',#1709);
#1502=PLANE('',#1726);
#1503=PLANE('',#1729);
#1504=PLANE('',#1732);
#1505=PLANE('',#1735);
#1506=PLANE('',#1736);
#1507=PLANE('',#1737);
#1508=PLANE('',#1738);
#1509=PLANE('',#1739);
#1510=PLANE('',#1741);
#1511=PLANE('',#1743);
#1512=PLANE('',#1745);
#1513=PLANE('',#1747);
#1514=PLANE('',#1754);
#1515=PLANE('',#1755);
#1516=PLANE('',#1761);
#1517=PLANE('',#1762);
#1518=PLANE('',#1811);
#1519=PLANE('',#1812);
#1520=PLANE('',#1813);
#1521=PLANE('',#1814);
#1522=PLANE('',#1815);
#1523=PLANE('',#1816);
#1524=PLANE('',#1819);
#1525=PLANE('',#1822);
#1526=PLANE('',#1825);
#1527=PLANE('',#1828);
#1528=PLANE('',#1829);
#1529=ADVANCED_FACE('',(#1351,#1352,#1353,#1354),#1491,.T.);
#1530=ADVANCED_FACE('',(#1355,#1356,#1357,#1358),#1492,.F.);
#1531=ADVANCED_FACE('',(#1359,#1360,#1361,#1362),#1493,.T.);
#1532=ADVANCED_FACE('',(#1363,#1364),#1494,.T.);
#1533=ADVANCED_FACE('',(#1365),#1495,.F.);
#1534=ADVANCED_FACE('',(#1366),#32,.T.);
#1535=ADVANCED_FACE('',(#1367,#1368),#1496,.F.);
#1536=ADVANCED_FACE('',(#1369),#33,.T.);
#1537=ADVANCED_FACE('',(#1370),#1497,.F.);
#1538=ADVANCED_FACE('',(#1371),#34,.T.);
#1539=ADVANCED_FACE('',(#1372,#1373),#35,.F.);
#1540=ADVANCED_FACE('',(#1374,#1375),#36,.F.);
#1541=ADVANCED_FACE('',(#1376),#1498,.T.);
#1542=ADVANCED_FACE('',(#1377,#1378),#37,.F.);
#1543=ADVANCED_FACE('',(#1379),#38,.T.);
#1544=ADVANCED_FACE('',(#1380,#1381),#39,.F.);
#1545=ADVANCED_FACE('',(#1382,#1383,#1384,#1385,#1386,#1387),#1499,.T.);
#1546=ADVANCED_FACE('',(#1388,#1389,#1390,#1391,#1392),#1500,.F.);
#1547=ADVANCED_FACE('',(#1393,#1394,#1395),#1501,.T.);
#1548=ADVANCED_FACE('',(#1396,#1397),#40,.F.);
#1549=ADVANCED_FACE('',(#1398,#1399),#1502,.F.);
#1550=ADVANCED_FACE('',(#1400,#1401),#41,.F.);
#1551=ADVANCED_FACE('',(#1402,#1403),#1503,.F.);
#1552=ADVANCED_FACE('',(#1404,#1405),#42,.F.);
#1553=ADVANCED_FACE('',(#1406,#1407),#1504,.F.);
#1554=ADVANCED_FACE('',(#1408,#1409),#43,.F.);
#1555=ADVANCED_FACE('',(#1410,#1411),#1505,.F.);
#1556=ADVANCED_FACE('',(#1412),#1506,.T.);
#1557=ADVANCED_FACE('',(#1413),#1507,.F.);
#1558=ADVANCED_FACE('',(#1414),#1508,.F.);
#1559=ADVANCED_FACE('',(#1415),#1509,.T.);
#1560=ADVANCED_FACE('',(#1416),#44,.F.);
#1561=ADVANCED_FACE('',(#1417),#1510,.F.);
#1562=ADVANCED_FACE('',(#1418),#45,.F.);
#1563=ADVANCED_FACE('',(#1419),#1511,.T.);
#1564=ADVANCED_FACE('',(#1420),#46,.F.);
#1565=ADVANCED_FACE('',(#1421),#1512,.T.);
#1566=ADVANCED_FACE('',(#1422),#47,.F.);
#1567=ADVANCED_FACE('',(#1423),#1513,.F.);
#1568=ADVANCED_FACE('',(#1424,#1425),#48,.F.);
#1569=ADVANCED_FACE('',(#1426,#1427),#49,.F.);
#1570=ADVANCED_FACE('',(#1428,#1429),#50,.T.);
#1571=ADVANCED_FACE('',(#1430,#1431),#1514,.T.);
#1572=ADVANCED_FACE('',(#1432),#1515,.T.);
#1573=ADVANCED_FACE('',(#1433,#1434),#51,.F.);
#1574=ADVANCED_FACE('',(#1435,#1436),#52,.T.);
#1575=ADVANCED_FACE('',(#1437,#1438),#1516,.T.);
#1576=ADVANCED_FACE('',(#1439),#1517,.T.);
#1577=ADVANCED_FACE('',(#1440),#16,.T.);
#1578=ADVANCED_FACE('',(#1441),#17,.T.);
#1579=ADVANCED_FACE('',(#1442),#53,.F.);
#1580=ADVANCED_FACE('',(#1443),#18,.T.);
#1581=ADVANCED_FACE('',(#1444),#19,.F.);
#1582=ADVANCED_FACE('',(#1445),#54,.F.);
#1583=ADVANCED_FACE('',(#1446),#20,.T.);
#1584=ADVANCED_FACE('',(#1447),#21,.T.);
#1585=ADVANCED_FACE('',(#1448),#55,.F.);
#1586=ADVANCED_FACE('',(#1449),#22,.T.);
#1587=ADVANCED_FACE('',(#1450),#23,.F.);
#1588=ADVANCED_FACE('',(#1451),#56,.F.);
#1589=ADVANCED_FACE('',(#1452),#24,.T.);
#1590=ADVANCED_FACE('',(#1453),#25,.T.);
#1591=ADVANCED_FACE('',(#1454),#57,.F.);
#1592=ADVANCED_FACE('',(#1455),#26,.T.);
#1593=ADVANCED_FACE('',(#1456),#27,.F.);
#1594=ADVANCED_FACE('',(#1457),#58,.F.);
#1595=ADVANCED_FACE('',(#1458),#28,.T.);
#1596=ADVANCED_FACE('',(#1459),#29,.T.);
#1597=ADVANCED_FACE('',(#1460),#59,.F.);
#1598=ADVANCED_FACE('',(#1461),#30,.T.);
#1599=ADVANCED_FACE('',(#1462),#31,.F.);
#1600=ADVANCED_FACE('',(#1463),#60,.F.);
#1601=ADVANCED_FACE('',(#1464),#61,.T.);
#1602=ADVANCED_FACE('',(#1465),#62,.T.);
#1603=ADVANCED_FACE('',(#1466),#63,.T.);
#1604=ADVANCED_FACE('',(#1467),#64,.T.);
#1605=ADVANCED_FACE('',(#1468),#1518,.T.);
#1606=ADVANCED_FACE('',(#1469),#1519,.F.);
#1607=ADVANCED_FACE('',(#1470),#1520,.F.);
#1608=ADVANCED_FACE('',(#1471),#1521,.T.);
#1609=ADVANCED_FACE('',(#1472),#1522,.T.);
#1610=ADVANCED_FACE('',(#1473),#1523,.T.);
#1611=ADVANCED_FACE('',(#1474),#65,.F.);
#1612=ADVANCED_FACE('',(#1475),#1524,.F.);
#1613=ADVANCED_FACE('',(#1476),#66,.F.);
#1614=ADVANCED_FACE('',(#1477),#1525,.T.);
#1615=ADVANCED_FACE('',(#1478),#67,.F.);
#1616=ADVANCED_FACE('',(#1479),#1526,.T.);
#1617=ADVANCED_FACE('',(#1480),#68,.F.);
#1618=ADVANCED_FACE('',(#1481),#1527,.F.);
#1619=ADVANCED_FACE('',(#1482),#1528,.T.);
#1620=ADVANCED_FACE('',(#1483),#12,.T.);
#1621=ADVANCED_FACE('',(#1484),#69,.T.);
#1622=ADVANCED_FACE('',(#1485),#70,.T.);
#1623=ADVANCED_FACE('',(#1486),#13,.T.);
#1624=ADVANCED_FACE('',(#1487),#14,.T.);
#1625=ADVANCED_FACE('',(#1488),#71,.T.);
#1626=ADVANCED_FACE('',(#1489),#72,.T.);
#1627=ADVANCED_FACE('',(#1490),#15,.T.);
#1628=CLOSED_SHELL('',(#1529,#1530,#1531,#1532,#1533,#1534,#1535,#1536,
#1537,#1538,#1539,#1540,#1541,#1542,#1543,#1544,#1545,#1546,#1547,#1548,
#1549,#1550,#1551,#1552,#1553,#1554,#1555,#1556,#1557,#1558,#1559,#1560,
#1561,#1562,#1563,#1564,#1565,#1566,#1567,#1568,#1569,#1570,#1571,#1572,
#1573,#1574,#1575,#1576,#1577,#1578,#1579,#1580,#1581,#1582,#1583,#1584,
#1585,#1586,#1587,#1588,#1589,#1590,#1591,#1592,#1593,#1594,#1595,#1596,
#1597,#1598,#1599,#1600,#1601,#1602,#1603,#1604,#1605,#1606,#1607,#1608,
#1609,#1610,#1611,#1612,#1613,#1614,#1615,#1616,#1617,#1618,#1619,#1620,
#1621,#1622,#1623,#1624,#1625,#1626,#1627));
#1629=STYLED_ITEM('',(#1630),#1637);
#1630=PRESENTATION_STYLE_ASSIGNMENT((#1631));
#1631=SURFACE_STYLE_USAGE(.BOTH.,#1632);
#1632=SURFACE_SIDE_STYLE('',(#1633));
#1633=SURFACE_STYLE_FILL_AREA(#1634);
#1634=FILL_AREA_STYLE('',(#1635));
#1635=FILL_AREA_STYLE_COLOUR('',#1636);
#1636=COLOUR_RGB('',0.615686274509804,0.811764705882353,0.929411764705882);
#1637=MANIFOLD_SOLID_BREP('Part 1',#1628);
#1638=SHAPE_DEFINITION_REPRESENTATION(#2908,#1639);
#1639=SHAPE_REPRESENTATION('Part 1',(#1640),#2903);
#1640=AXIS2_PLACEMENT_3D('',#2358,#1846,#1847);
#1641=AXIS2_PLACEMENT_3D('',#2359,#1848,#1849);
#1642=AXIS2_PLACEMENT_3D('',#2388,#1858,#1859);
#1643=AXIS2_PLACEMENT_3D('',#2393,#1861,#1862);
#1644=AXIS2_PLACEMENT_3D('',#2399,#1865,#1866);
#1645=AXIS2_PLACEMENT_3D('',#2403,#1868,#1869);
#1646=AXIS2_PLACEMENT_3D('',#2404,#1870,#1871);
#1647=AXIS2_PLACEMENT_3D('',#2424,#1881,#1882);
#1648=AXIS2_PLACEMENT_3D('',#2428,#1884,#1885);
#1649=AXIS2_PLACEMENT_3D('',#2429,#1886,#1887);
#1650=AXIS2_PLACEMENT_3D('',#2434,#1889,#1890);
#1651=AXIS2_PLACEMENT_3D('',#2437,#1892,#1893);
#1652=AXIS2_PLACEMENT_3D('',#2438,#1894,#1895);
#1653=AXIS2_PLACEMENT_3D('',#2443,#1897,#1898);
#1654=AXIS2_PLACEMENT_3D('',#2477,#1909,#1910);
#1655=AXIS2_PLACEMENT_3D('',#2481,#1912,#1913);
#1656=AXIS2_PLACEMENT_3D('',#2482,#1914,#1915);
#1657=AXIS2_PLACEMENT_3D('',#2483,#1916,#1917);
#1658=AXIS2_PLACEMENT_3D('',#2493,#1922,#1923);
#1659=AXIS2_PLACEMENT_3D('',#2502,#1928,#1929);
#1660=AXIS2_PLACEMENT_3D('',#2506,#1931,#1932);
#1661=AXIS2_PLACEMENT_3D('',#2510,#1934,#1935);
#1662=AXIS2_PLACEMENT_3D('',#2511,#1936,#1937);
#1663=AXIS2_PLACEMENT_3D('',#2512,#1938,#1939);
#1664=AXIS2_PLACEMENT_3D('',#2534,#1944,#1945);
#1665=AXIS2_PLACEMENT_3D('',#2538,#1947,#1948);
#1666=AXIS2_PLACEMENT_3D('',#2542,#1950,#1951);
#1667=AXIS2_PLACEMENT_3D('',#2543,#1952,#1953);
#1668=AXIS2_PLACEMENT_3D('',#2564,#1958,#1959);
#1669=AXIS2_PLACEMENT_3D('',#2568,#1961,#1962);
#1670=AXIS2_PLACEMENT_3D('',#2572,#1964,#1965);
#1671=AXIS2_PLACEMENT_3D('',#2573,#1966,#1967);
#1672=AXIS2_PLACEMENT_3D('',#2574,#1968,#1969);
#1673=AXIS2_PLACEMENT_3D('',#2576,#1970,#1971);
#1674=AXIS2_PLACEMENT_3D('',#2578,#1972,#1973);
#1675=AXIS2_PLACEMENT_3D('',#2579,#1974,#1975);
#1676=AXIS2_PLACEMENT_3D('',#2581,#1976,#1977);
#1677=AXIS2_PLACEMENT_3D('',#2583,#1978,#1979);
#1678=AXIS2_PLACEMENT_3D('',#2592,#1984,#1985);
#1679=AXIS2_PLACEMENT_3D('',#2593,#1986,#1987);
#1680=AXIS2_PLACEMENT_3D('',#2595,#1988,#1989);
#1681=AXIS2_PLACEMENT_3D('',#2597,#1990,#1991);
#1682=AXIS2_PLACEMENT_3D('',#2601,#1993,#1994);
#1683=AXIS2_PLACEMENT_3D('',#2605,#1996,#1997);
#1684=AXIS2_PLACEMENT_3D('',#2606,#1998,#1999);
#1685=AXIS2_PLACEMENT_3D('',#2607,#2000,#2001);
#1686=AXIS2_PLACEMENT_3D('',#2609,#2002,#2003);
#1687=AXIS2_PLACEMENT_3D('',#2611,#2004,#2005);
#1688=AXIS2_PLACEMENT_3D('',#2612,#2006,#2007);
#1689=AXIS2_PLACEMENT_3D('',#2615,#2008,#2009);
#1690=AXIS2_PLACEMENT_3D('',#2616,#2010,#2011);
#1691=AXIS2_PLACEMENT_3D('',#2618,#2012,#2013);
#1692=AXIS2_PLACEMENT_3D('',#2620,#2014,#2015);
#1693=AXIS2_PLACEMENT_3D('',#2621,#2016,#2017);
#1694=AXIS2_PLACEMENT_3D('',#2623,#2018,#2019);
#1695=AXIS2_PLACEMENT_3D('',#2625,#2020,#2021);
#1696=AXIS2_PLACEMENT_3D('',#2626,#2022,#2023);
#1697=AXIS2_PLACEMENT_3D('',#2628,#2024,#2025);
#1698=AXIS2_PLACEMENT_3D('',#2630,#2026,#2027);
#1699=AXIS2_PLACEMENT_3D('',#2631,#2028,#2029);
#1700=AXIS2_PLACEMENT_3D('',#2632,#2030,#2031);
#1701=AXIS2_PLACEMENT_3D('',#2633,#2032,#2033);
#1702=AXIS2_PLACEMENT_3D('',#2634,#2034,#2035);
#1703=AXIS2_PLACEMENT_3D('',#2635,#2036,#2037);
#1704=AXIS2_PLACEMENT_3D('',#2636,#2038,#2039);
#1705=AXIS2_PLACEMENT_3D('',#2645,#2044,#2045);
#1706=AXIS2_PLACEMENT_3D('',#2647,#2046,#2047);
#1707=AXIS2_PLACEMENT_3D('',#2649,#2048,#2049);
#1708=AXIS2_PLACEMENT_3D('',#2651,#2050,#2051);
#1709=AXIS2_PLACEMENT_3D('',#2653,#2052,#2053);
#1710=AXIS2_PLACEMENT_3D('',#2654,#2054,#2055);
#1711=AXIS2_PLACEMENT_3D('',#2657,#2056,#2057);
#1712=AXIS2_PLACEMENT_3D('',#2658,#2058,#2059);
#1713=AXIS2_PLACEMENT_3D('',#2660,#2060,#2061);
#1714=AXIS2_PLACEMENT_3D('',#2662,#2062,#2063);
#1715=AXIS2_PLACEMENT_3D('',#2663,#2064,#2065);
#1716=AXIS2_PLACEMENT_3D('',#2665,#2066,#2067);
#1717=AXIS2_PLACEMENT_3D('',#2667,#2068,#2069);
#1718=AXIS2_PLACEMENT_3D('',#2668,#2070,#2071);
#1719=AXIS2_PLACEMENT_3D('',#2670,#2072,#2073);
#1720=AXIS2_PLACEMENT_3D('',#2672,#2074,#2075);
#1721=AXIS2_PLACEMENT_3D('',#2673,#2076,#2077);
#1722=AXIS2_PLACEMENT_3D('',#2674,#2078,#2079);
#1723=AXIS2_PLACEMENT_3D('',#2676,#2080,#2081);
#1724=AXIS2_PLACEMENT_3D('',#2678,#2082,#2083);
#1725=AXIS2_PLACEMENT_3D('',#2679,#2084,#2085);
#1726=AXIS2_PLACEMENT_3D('',#2681,#2086,#2087);
#1727=AXIS2_PLACEMENT_3D('',#2682,#2088,#2089);
#1728=AXIS2_PLACEMENT_3D('',#2683,#2090,#2091);
#1729=AXIS2_PLACEMENT_3D('',#2685,#2092,#2093);
#1730=AXIS2_PLACEMENT_3D('',#2686,#2094,#2095);
#1731=AXIS2_PLACEMENT_3D('',#2687,#2096,#2097);
#1732=AXIS2_PLACEMENT_3D('',#2689,#2098,#2099);
#1733=AXIS2_PLACEMENT_3D('',#2690,#2100,#2101);
#1734=AXIS2_PLACEMENT_3D('',#2691,#2102,#2103);
#1735=AXIS2_PLACEMENT_3D('',#2693,#2104,#2105);
#1736=AXIS2_PLACEMENT_3D('',#2694,#2106,#2107);
#1737=AXIS2_PLACEMENT_3D('',#2697,#2110,#2111);
#1738=AXIS2_PLACEMENT_3D('',#2699,#2113,#2114);
#1739=AXIS2_PLACEMENT_3D('',#2701,#2116,#2117);
#1740=AXIS2_PLACEMENT_3D('',#2702,#2118,#2119);
#1741=AXIS2_PLACEMENT_3D('',#2705,#2122,#2123);
#1742=AXIS2_PLACEMENT_3D('',#2707,#2125,#2126);
#1743=AXIS2_PLACEMENT_3D('',#2709,#2128,#2129);
#1744=AXIS2_PLACEMENT_3D('',#2710,#2130,#2131);
#1745=AXIS2_PLACEMENT_3D('',#2713,#2134,#2135);
#1746=AXIS2_PLACEMENT_3D('',#2715,#2137,#2138);
#1747=AXIS2_PLACEMENT_3D('',#2717,#2140,#2141);
#1748=AXIS2_PLACEMENT_3D('',#2718,#2142,#2143);
#1749=AXIS2_PLACEMENT_3D('',#2719,#2144,#2145);
#1750=AXIS2_PLACEMENT_3D('',#2720,#2146,#2147);
#1751=AXIS2_PLACEMENT_3D('',#2722,#2148,#2149);
#1752=AXIS2_PLACEMENT_3D('',#2724,#2150,#2151);
#1753=AXIS2_PLACEMENT_3D('',#2725,#2152,#2153);
#1754=AXIS2_PLACEMENT_3D('',#2727,#2154,#2155);
#1755=AXIS2_PLACEMENT_3D('',#2728,#2156,#2157);
#1756=AXIS2_PLACEMENT_3D('',#2729,#2158,#2159);
#1757=AXIS2_PLACEMENT_3D('',#2730,#2160,#2161);
#1758=AXIS2_PLACEMENT_3D('',#2732,#2162,#2163);
#1759=AXIS2_PLACEMENT_3D('',#2734,#2164,#2165);
#1760=AXIS2_PLACEMENT_3D('',#2735,#2166,#2167);
#1761=AXIS2_PLACEMENT_3D('',#2737,#2168,#2169);
#1762=AXIS2_PLACEMENT_3D('',#2738,#2170,#2171);
#1763=AXIS2_PLACEMENT_3D('',#2739,#2172,#2173);
#1764=AXIS2_PLACEMENT_3D('',#2740,#2174,#2175);
#1765=AXIS2_PLACEMENT_3D('',#2741,#2176,#2177);
#1766=AXIS2_PLACEMENT_3D('',#2742,#2178,#2179);
#1767=AXIS2_PLACEMENT_3D('',#2743,#2180,#2181);
#1768=AXIS2_PLACEMENT_3D('',#2744,#2182,#2183);
#1769=AXIS2_PLACEMENT_3D('',#2751,#2184,#2185);
#1770=AXIS2_PLACEMENT_3D('',#2752,#2186,#2187);
#1771=AXIS2_PLACEMENT_3D('',#2753,#2188,#2189);
#1772=AXIS2_PLACEMENT_3D('',#2760,#2190,#2191);
#1773=AXIS2_PLACEMENT_3D('',#2761,#2192,#2193);
#1774=AXIS2_PLACEMENT_3D('',#2762,#2194,#2195);
#1775=AXIS2_PLACEMENT_3D('',#2763,#2196,#2197);
#1776=AXIS2_PLACEMENT_3D('',#2764,#2198,#2199);
#1777=AXIS2_PLACEMENT_3D('',#2765,#2200,#2201);
#1778=AXIS2_PLACEMENT_3D('',#2766,#2202,#2203);
#1779=AXIS2_PLACEMENT_3D('',#2773,#2204,#2205);
#1780=AXIS2_PLACEMENT_3D('',#2774,#2206,#2207);
#1781=AXIS2_PLACEMENT_3D('',#2775,#2208,#2209);
#1782=AXIS2_PLACEMENT_3D('',#2782,#2210,#2211);
#1783=AXIS2_PLACEMENT_3D('',#2783,#2212,#2213);
#1784=AXIS2_PLACEMENT_3D('',#2784,#2214,#2215);
#1785=AXIS2_PLACEMENT_3D('',#2785,#2216,#2217);
#1786=AXIS2_PLACEMENT_3D('',#2786,#2218,#2219);
#1787=AXIS2_PLACEMENT_3D('',#2787,#2220,#2221);
#1788=AXIS2_PLACEMENT_3D('',#2788,#2222,#2223);
#1789=AXIS2_PLACEMENT_3D('',#2795,#2224,#2225);
#1790=AXIS2_PLACEMENT_3D('',#2796,#2226,#2227);
#1791=AXIS2_PLACEMENT_3D('',#2797,#2228,#2229);
#1792=AXIS2_PLACEMENT_3D('',#2804,#2230,#2231);
#1793=AXIS2_PLACEMENT_3D('',#2805,#2232,#2233);
#1794=AXIS2_PLACEMENT_3D('',#2806,#2234,#2235);
#1795=AXIS2_PLACEMENT_3D('',#2807,#2236,#2237);
#1796=AXIS2_PLACEMENT_3D('',#2808,#2238,#2239);
#1797=AXIS2_PLACEMENT_3D('',#2809,#2240,#2241);
#1798=AXIS2_PLACEMENT_3D('',#2810,#2242,#2243);
#1799=AXIS2_PLACEMENT_3D('',#2817,#2244,#2245);
#1800=AXIS2_PLACEMENT_3D('',#2818,#2246,#2247);
#1801=AXIS2_PLACEMENT_3D('',#2819,#2248,#2249);
#1802=AXIS2_PLACEMENT_3D('',#2826,#2250,#2251);
#1803=AXIS2_PLACEMENT_3D('',#2827,#2252,#2253);
#1804=AXIS2_PLACEMENT_3D('',#2828,#2254,#2255);
#1805=AXIS2_PLACEMENT_3D('',#2829,#2256,#2257);
#1806=AXIS2_PLACEMENT_3D('',#2830,#2258,#2259);
#1807=AXIS2_PLACEMENT_3D('',#2831,#2260,#2261);
#1808=AXIS2_PLACEMENT_3D('',#2832,#2262,#2263);
#1809=AXIS2_PLACEMENT_3D('',#2833,#2264,#2265);
#1810=AXIS2_PLACEMENT_3D('',#2834,#2266,#2267);
#1811=AXIS2_PLACEMENT_3D('',#2835,#2268,#2269);
#1812=AXIS2_PLACEMENT_3D('',#2841,#2273,#2274);
#1813=AXIS2_PLACEMENT_3D('',#2845,#2277,#2278);
#1814=AXIS2_PLACEMENT_3D('',#2849,#2281,#2282);
#1815=AXIS2_PLACEMENT_3D('',#2851,#2284,#2285);
#1816=AXIS2_PLACEMENT_3D('',#2852,#2286,#2287);
#1817=AXIS2_PLACEMENT_3D('',#2858,#2291,#2292);
#1818=AXIS2_PLACEMENT_3D('',#2861,#2294,#2295);
#1819=AXIS2_PLACEMENT_3D('',#2862,#2296,#2297);
#1820=AXIS2_PLACEMENT_3D('',#2866,#2300,#2301);
#1821=AXIS2_PLACEMENT_3D('',#2867,#2302,#2303);
#1822=AXIS2_PLACEMENT_3D('',#2868,#2304,#2305);
#1823=AXIS2_PLACEMENT_3D('',#2869,#2306,#2307);
#1824=AXIS2_PLACEMENT_3D('',#2872,#2309,#2310);
#1825=AXIS2_PLACEMENT_3D('',#2875,#2312,#2313);
#1826=AXIS2_PLACEMENT_3D('',#2879,#2316,#2317);
#1827=AXIS2_PLACEMENT_3D('',#2882,#2319,#2320);
#1828=AXIS2_PLACEMENT_3D('',#2883,#2321,#2322);
#1829=AXIS2_PLACEMENT_3D('',#2885,#2324,#2325);
#1830=AXIS2_PLACEMENT_3D('',#2886,#2326,#2327);
#1831=AXIS2_PLACEMENT_3D('',#2887,#2328,#2329);
#1832=AXIS2_PLACEMENT_3D('',#2888,#2330,#2331);
#1833=AXIS2_PLACEMENT_3D('',#2889,#2332,#2333);
#1834=AXIS2_PLACEMENT_3D('',#2890,#2334,#2335);
#1835=AXIS2_PLACEMENT_3D('',#2891,#2336,#2337);
#1836=AXIS2_PLACEMENT_3D('',#2892,#2338,#2339);
#1837=AXIS2_PLACEMENT_3D('',#2893,#2340,#2341);
#1838=AXIS2_PLACEMENT_3D('',#2894,#2342,#2343);
#1839=AXIS2_PLACEMENT_3D('',#2895,#2344,#2345);
#1840=AXIS2_PLACEMENT_3D('',#2896,#2346,#2347);
#1841=AXIS2_PLACEMENT_3D('',#2897,#2348,#2349);
#1842=AXIS2_PLACEMENT_3D('',#2898,#2350,#2351);
#1843=AXIS2_PLACEMENT_3D('',#2899,#2352,#2353);
#1844=AXIS2_PLACEMENT_3D('',#2900,#2354,#2355);
#1845=AXIS2_PLACEMENT_3D('',#2901,#2356,#2357);
#1846=DIRECTION('',(0.,0.,1.));
#1847=DIRECTION('',(1.,0.,0.));
#1848=DIRECTION('',(1.,0.,0.));
#1849=DIRECTION('',(0.,0.,-1.));
#1850=DIRECTION('',(0.,0.,1.));
#1851=DIRECTION('',(0.,-1.,0.));
#1852=DIRECTION('',(0.,0.,-1.));
#1853=DIRECTION('',(0.,-1.,0.));
#1854=DIRECTION('',(0.,-1.,0.));
#1855=DIRECTION('',(0.,4.8186763221578E-17,-1.));
#1856=DIRECTION('',(0.,-1.,0.));
#1857=DIRECTION('',(0.,0.,-1.));
#1858=DIRECTION('',(1.,0.,0.));
#1859=DIRECTION('',(0.,0.,-1.));
#1860=DIRECTION('',(0.,0.,-1.));
#1861=DIRECTION('',(1.,0.,0.));
#1862=DIRECTION('',(0.,0.,-1.));
#1863=DIRECTION('',(0.,0.,-1.));
#1864=DIRECTION('',(0.,0.,1.));
#1865=DIRECTION('',(-1.,0.,0.));
#1866=DIRECTION('',(0.,0.,-1.));
#1867=DIRECTION('',(0.,0.,1.));
#1868=DIRECTION('',(-1.,0.,0.));
#1869=DIRECTION('',(0.,0.,-1.));
#1870=DIRECTION('',(0.,1.,0.));
#1871=DIRECTION('',(0.,0.,1.));
#1872=DIRECTION('',(1.,0.,0.));
#1873=DIRECTION('',(-1.0842021724855E-16,0.,-1.));
#1874=DIRECTION('',(1.,0.,0.));
#1875=DIRECTION('',(0.,0.,-1.));
#1876=DIRECTION('',(0.,0.,-1.));
#1877=DIRECTION('',(1.,0.,0.));
#1878=DIRECTION('',(0.,0.,-1.));
#1879=DIRECTION('',(1.,0.,0.));
#1880=DIRECTION('',(1.,0.,0.));
#1881=DIRECTION('',(0.,-1.,0.));
#1882=DIRECTION('',(0.,0.,-1.));
#1883=DIRECTION('',(1.,0.,0.));
#1884=DIRECTION('',(0.,-1.,0.));
#1885=DIRECTION('',(0.,0.,-1.));
#1886=DIRECTION('',(0.,1.,0.));
#1887=DIRECTION('',(0.,0.,-1.));
#1888=DIRECTION('',(-1.,0.,0.));
#1889=DIRECTION('',(0.,1.,0.));
#1890=DIRECTION('',(0.,0.,-1.));
#1891=DIRECTION('',(-1.,0.,0.));
#1892=DIRECTION('',(0.,1.,0.));
#1893=DIRECTION('',(0.,0.,1.));
#1894=DIRECTION('',(0.,1.,0.));
#1895=DIRECTION('',(0.,0.,1.));
#1896=DIRECTION('',(-1.,0.,0.));
#1897=DIRECTION('',(0.,1.,0.));
#1898=DIRECTION('',(0.,0.,1.));
#1899=DIRECTION('',(-1.,0.,0.));
#1900=DIRECTION('',(0.,0.,1.));
#1901=DIRECTION('',(1.,0.,0.));
#1902=DIRECTION('',(0.,0.,1.));
#1903=DIRECTION('',(1.,0.,0.));
#1904=DIRECTION('',(1.0842021724855E-16,0.,1.));
#1905=DIRECTION('',(-1.,0.,0.));
#1906=DIRECTION('',(0.,0.,1.));
#1907=DIRECTION('',(-1.,0.,0.));
#1908=DIRECTION('',(1.,0.,0.));
#1909=DIRECTION('',(0.,1.,0.));
#1910=DIRECTION('',(0.,0.,1.));
#1911=DIRECTION('',(1.,0.,0.));
#1912=DIRECTION('',(0.,1.,0.));
#1913=DIRECTION('',(0.,0.,1.));
#1914=DIRECTION('',(0.,1.,0.));
#1915=DIRECTION('',(0.,0.,1.));
#1916=DIRECTION('',(0.,1.,0.));
#1917=DIRECTION('',(0.,0.,1.));
#1918=DIRECTION('',(0.,0.,-1.));
#1919=DIRECTION('',(1.,0.,0.));
#1920=DIRECTION('',(0.,0.,-1.));
#1921=DIRECTION('',(1.,0.,0.));
#1922=DIRECTION('',(1.,0.,0.));
#1923=DIRECTION('',(0.,0.,-1.));
#1924=DIRECTION('',(0.,0.,-1.));
#1925=DIRECTION('',(0.,-1.,0.));
#1926=DIRECTION('',(0.,0.,-1.));
#1927=DIRECTION('',(0.,-1.,0.));
#1928=DIRECTION('',(0.,0.,-1.));
#1929=DIRECTION('',(-1.,0.,0.));
#1930=DIRECTION('',(0.,0.,-1.));
#1931=DIRECTION('',(0.,0.,1.));
#1932=DIRECTION('',(1.,0.,0.));
#1933=DIRECTION('',(0.,0.,-1.));
#1934=DIRECTION('',(0.,0.,1.));
#1935=DIRECTION('',(1.,0.,0.));
#1936=DIRECTION('',(0.,1.,0.));
#1937=DIRECTION('',(0.,0.,1.));
#1938=DIRECTION('',(0.,1.,0.));
#1939=DIRECTION('',(0.,0.,1.));
#1940=DIRECTION('',(1.,0.,0.));
#1941=DIRECTION('',(0.,0.,1.));
#1942=DIRECTION('',(1.,0.,0.));
#1943=DIRECTION('',(0.,0.,1.));
#1944=DIRECTION('',(0.,0.,-1.));
#1945=DIRECTION('',(-1.,0.,0.));
#1946=DIRECTION('',(0.,0.,-1.));
#1947=DIRECTION('',(0.,0.,1.));
#1948=DIRECTION('',(1.,0.,0.));
#1949=DIRECTION('',(0.,0.,-1.));
#1950=DIRECTION('',(0.,0.,1.));
#1951=DIRECTION('',(1.,0.,0.));
#1952=DIRECTION('',(1.,0.,0.));
#1953=DIRECTION('',(0.,0.,-1.));
#1954=DIRECTION('',(0.,-1.,0.));
#1955=DIRECTION('',(0.,0.,-1.));
#1956=DIRECTION('',(0.,-1.,0.));
#1957=DIRECTION('',(0.,0.,1.));
#1958=DIRECTION('',(0.,0.,-1.));
#1959=DIRECTION('',(-1.,0.,0.));
#1960=DIRECTION('',(0.,0.,-1.));
#1961=DIRECTION('',(0.,0.,1.));
#1962=DIRECTION('',(1.,0.,0.));
#1963=DIRECTION('',(0.,0.,-1.));
#1964=DIRECTION('',(0.,0.,1.));
#1965=DIRECTION('',(1.,0.,0.));
#1966=DIRECTION('',(0.,0.,-1.));
#1967=DIRECTION('',(-1.,0.,0.));
#1968=DIRECTION('',(0.,0.,1.));
#1969=DIRECTION('',(1.,0.,0.));
#1970=DIRECTION('',(0.,0.,1.));
#1971=DIRECTION('',(1.,0.,0.));
#1972=DIRECTION('',(0.,0.,-1.));
#1973=DIRECTION('',(-1.,0.,0.));
#1974=DIRECTION('',(0.,0.,1.));
#1975=DIRECTION('',(1.,0.,0.));
#1976=DIRECTION('',(0.,0.,1.));
#1977=DIRECTION('',(1.,0.,0.));
#1978=DIRECTION('',(1.,0.,0.));
#1979=DIRECTION('',(0.,0.,-1.));
#1980=DIRECTION('',(0.,0.,-1.));
#1981=DIRECTION('',(0.,-1.,0.));
#1982=DIRECTION('',(0.,0.,-1.));
#1983=DIRECTION('',(0.,-1.,0.));
#1984=DIRECTION('',(0.,0.,-1.));
#1985=DIRECTION('',(-1.,0.,0.));
#1986=DIRECTION('',(0.,0.,1.));
#1987=DIRECTION('',(1.,0.,0.));
#1988=DIRECTION('',(0.,0.,1.));
#1989=DIRECTION('',(1.,0.,0.));
#1990=DIRECTION('',(0.,0.,-1.));
#1991=DIRECTION('',(-1.,0.,0.));
#1992=DIRECTION('',(0.,0.,-1.));
#1993=DIRECTION('',(0.,0.,1.));
#1994=DIRECTION('',(1.,0.,0.));
#1995=DIRECTION('',(0.,0.,-1.));
#1996=DIRECTION('',(0.,0.,1.));
#1997=DIRECTION('',(1.,0.,0.));
#1998=DIRECTION('',(0.,0.,-1.));
#1999=DIRECTION('',(-1.,0.,0.));
#2000=DIRECTION('',(0.,0.,1.));
#2001=DIRECTION('',(1.,0.,0.));
#2002=DIRECTION('',(0.,0.,1.));
#2003=DIRECTION('',(1.,0.,0.));
#2004=DIRECTION('',(0.,0.,1.));
#2005=DIRECTION('',(1.,0.,0.));
#2006=DIRECTION('',(0.,0.,1.));
#2007=DIRECTION('',(1.,0.,0.));
#2008=DIRECTION('',(0.,0.,1.));
#2009=DIRECTION('',(1.,0.,0.));
#2010=DIRECTION('',(0.,0.,1.));
#2011=DIRECTION('',(1.,0.,0.));
#2012=DIRECTION('',(0.,0.,1.));
#2013=DIRECTION('',(1.,0.,0.));
#2014=DIRECTION('',(0.,0.,1.));
#2015=DIRECTION('',(1.,0.,0.));
#2016=DIRECTION('',(0.,0.,1.));
#2017=DIRECTION('',(1.,0.,0.));
#2018=DIRECTION('',(0.,0.,1.));
#2019=DIRECTION('',(1.,0.,0.));
#2020=DIRECTION('',(0.,0.,1.));
#2021=DIRECTION('',(1.,0.,0.));
#2022=DIRECTION('',(0.,0.,1.));
#2023=DIRECTION('',(1.,0.,0.));
#2024=DIRECTION('',(0.,0.,1.));
#2025=DIRECTION('',(1.,0.,0.));
#2026=DIRECTION('',(0.,0.,1.));
#2027=DIRECTION('',(1.,0.,0.));
#2028=DIRECTION('',(0.,0.,1.));
#2029=DIRECTION('',(1.,0.,0.));
#2030=DIRECTION('',(0.,0.,1.));
#2031=DIRECTION('',(1.,0.,0.));
#2032=DIRECTION('',(0.,0.,1.));
#2033=DIRECTION('',(1.,0.,0.));
#2034=DIRECTION('',(0.,0.,1.));
#2035=DIRECTION('',(1.,0.,0.));
#2036=DIRECTION('',(0.,0.,1.));
#2037=DIRECTION('',(1.,0.,0.));
#2038=DIRECTION('',(0.,0.,1.));
#2039=DIRECTION('',(1.,0.,0.));
#2040=DIRECTION('',(1.,0.,0.));
#2041=DIRECTION('',(0.,-1.,0.));
#2042=DIRECTION('',(1.,0.,0.));
#2043=DIRECTION('',(0.,-1.,0.));
#2044=DIRECTION('',(0.,0.,1.));
#2045=DIRECTION('',(1.,0.,0.));
#2046=DIRECTION('',(0.,0.,1.));
#2047=DIRECTION('',(1.,0.,0.));
#2048=DIRECTION('',(0.,0.,1.));
#2049=DIRECTION('',(1.,0.,0.));
#2050=DIRECTION('',(0.,0.,1.));
#2051=DIRECTION('',(1.,0.,0.));
#2052=DIRECTION('',(0.,0.,1.));
#2053=DIRECTION('',(1.,0.,0.));
#2054=DIRECTION('',(0.,0.,1.));
#2055=DIRECTION('',(1.,0.,0.));
#2056=DIRECTION('',(0.,0.,1.));
#2057=DIRECTION('',(1.,0.,0.));
#2058=DIRECTION('',(0.,0.,1.));
#2059=DIRECTION('',(1.,0.,0.));
#2060=DIRECTION('',(0.,0.,1.));
#2061=DIRECTION('',(1.,0.,0.));
#2062=DIRECTION('',(0.,0.,1.));
#2063=DIRECTION('',(1.,0.,0.));
#2064=DIRECTION('',(0.,0.,1.));
#2065=DIRECTION('',(1.,0.,0.));
#2066=DIRECTION('',(0.,0.,1.));
#2067=DIRECTION('',(1.,0.,0.));
#2068=DIRECTION('',(0.,0.,1.));
#2069=DIRECTION('',(1.,0.,0.));
#2070=DIRECTION('',(0.,0.,1.));
#2071=DIRECTION('',(1.,0.,0.));
#2072=DIRECTION('',(0.,0.,1.));
#2073=DIRECTION('',(1.,0.,0.));
#2074=DIRECTION('',(0.,0.,1.));
#2075=DIRECTION('',(1.,0.,0.));
#2076=DIRECTION('',(0.,0.,1.));
#2077=DIRECTION('',(1.,0.,0.));
#2078=DIRECTION('',(0.,0.,1.));
#2079=DIRECTION('',(1.,0.,0.));
#2080=DIRECTION('',(0.,0.,1.));
#2081=DIRECTION('',(1.,0.,0.));
#2082=DIRECTION('',(0.,0.,-1.));
#2083=DIRECTION('',(-1.,0.,0.));
#2084=DIRECTION('',(0.,0.,1.));
#2085=DIRECTION('',(1.,0.,0.));
#2086=DIRECTION('',(0.,0.,1.));
#2087=DIRECTION('',(1.,0.,0.));
#2088=DIRECTION('',(0.,0.,-1.));
#2089=DIRECTION('',(-1.,0.,0.));
#2090=DIRECTION('',(0.,0.,1.));
#2091=DIRECTION('',(1.,0.,0.));
#2092=DIRECTION('',(0.,0.,1.));
#2093=DIRECTION('',(1.,0.,0.));
#2094=DIRECTION('',(0.,0.,-1.));
#2095=DIRECTION('',(-1.,0.,0.));
#2096=DIRECTION('',(0.,0.,1.));
#2097=DIRECTION('',(1.,0.,0.));
#2098=DIRECTION('',(0.,0.,1.));
#2099=DIRECTION('',(1.,0.,0.));
#2100=DIRECTION('',(0.,0.,-1.));
#2101=DIRECTION('',(-1.,0.,0.));
#2102=DIRECTION('',(0.,0.,1.));
#2103=DIRECTION('',(1.,0.,0.));
#2104=DIRECTION('',(0.,0.,1.));
#2105=DIRECTION('',(1.,0.,0.));
#2106=DIRECTION('',(0.,0.,-1.));
#2107=DIRECTION('',(-1.,0.,0.));
#2108=DIRECTION('',(0.,-1.,0.));
#2109=DIRECTION('',(0.,-1.,0.));
#2110=DIRECTION('',(-1.,0.,0.));
#2111=DIRECTION('',(0.,0.,1.));
#2112=DIRECTION('',(0.,-1.,0.));
#2113=DIRECTION('',(0.,0.,-1.));
#2114=DIRECTION('',(-1.,0.,0.));
#2115=DIRECTION('',(0.,-1.,0.));
#2116=DIRECTION('',(-1.,0.,1.0842021724855E-16));
#2117=DIRECTION('',(1.0842021724855E-16,0.,1.));
#2118=DIRECTION('',(0.,-1.,0.));
#2119=DIRECTION('',(0.,0.,-1.));
#2120=DIRECTION('',(0.,-1.,0.));
#2121=DIRECTION('',(0.,-1.,0.));
#2122=DIRECTION('',(0.,0.,-1.));
#2123=DIRECTION('',(-1.,0.,0.));
#2124=DIRECTION('',(0.,-1.,0.));
#2125=DIRECTION('',(0.,-1.,0.));
#2126=DIRECTION('',(0.,0.,-1.));
#2127=DIRECTION('',(0.,-1.,0.));
#2128=DIRECTION('',(0.,0.,-1.));
#2129=DIRECTION('',(-1.,0.,0.));
#2130=DIRECTION('',(0.,-1.,0.));
#2131=DIRECTION('',(0.,0.,-1.));
#2132=DIRECTION('',(0.,-1.,0.));
#2133=DIRECTION('',(0.,-1.,0.));
#2134=DIRECTION('',(0.,0.,1.));
#2135=DIRECTION('',(1.,0.,0.));
#2136=DIRECTION('',(0.,-1.,0.));
#2137=DIRECTION('',(0.,-1.,0.));
#2138=DIRECTION('',(0.,0.,-1.));
#2139=DIRECTION('',(0.,-1.,0.));
#2140=DIRECTION('',(0.,0.,1.));
#2141=DIRECTION('',(1.,0.,0.));
#2142=DIRECTION('',(0.,1.,0.));
#2143=DIRECTION('',(0.,0.,1.));
#2144=DIRECTION('',(0.,0.,-1.));
#2145=DIRECTION('',(-1.,0.,0.));
#2146=DIRECTION('',(0.,0.,1.));
#2147=DIRECTION('',(1.,0.,0.));
#2148=DIRECTION('',(0.,0.,1.));
#2149=DIRECTION('',(1.,0.,0.));
#2150=DIRECTION('',(0.,0.,-1.));
#2151=DIRECTION('',(-1.,0.,0.));
#2152=DIRECTION('',(0.,0.,1.));
#2153=DIRECTION('',(1.,0.,0.));
#2154=DIRECTION('',(0.,0.,1.));
#2155=DIRECTION('',(1.,0.,0.));
#2156=DIRECTION('',(0.,0.,1.));
#2157=DIRECTION('',(1.,0.,0.));
#2158=DIRECTION('',(0.,0.,-1.));
#2159=DIRECTION('',(-1.,0.,0.));
#2160=DIRECTION('',(0.,0.,1.));
#2161=DIRECTION('',(1.,0.,0.));
#2162=DIRECTION('',(0.,0.,1.));
#2163=DIRECTION('',(1.,0.,0.));
#2164=DIRECTION('',(0.,0.,-1.));
#2165=DIRECTION('',(-1.,0.,0.));
#2166=DIRECTION('',(0.,0.,1.));
#2167=DIRECTION('',(1.,0.,0.));
#2168=DIRECTION('',(0.,0.,1.));
#2169=DIRECTION('',(1.,0.,0.));
#2170=DIRECTION('',(0.,0.,1.));
#2171=DIRECTION('',(1.,0.,0.));
#2172=DIRECTION('',(0.,0.,1.));
#2173=DIRECTION('',(1.,0.,0.));
#2174=DIRECTION('',(-0.416666666666663,0.909059342886311,0.));
#2175=DIRECTION('',(-0.909059342886311,-0.416666666666663,0.));
#2176=DIRECTION('',(0.,0.,1.));
#2177=DIRECTION('',(1.,0.,0.));
#2178=DIRECTION('',(0.,0.,1.));
#2179=DIRECTION('',(1.,0.,0.));
#2180=DIRECTION('',(0.909059342886309,-0.416666666666668,0.));
#2181=DIRECTION('',(0.416666666666668,0.909059342886309,0.));
#2182=DIRECTION('',(0.,0.,-1.));
#2183=DIRECTION('',(-1.,0.,0.));
#2184=DIRECTION('',(0.,0.,1.));
#2185=DIRECTION('',(1.,0.,0.));
#2186=DIRECTION('',(0.,0.,1.));
#2187=DIRECTION('',(1.,0.,0.));
#2188=DIRECTION('',(0.,0.,1.));
#2189=DIRECTION('',(1.,0.,0.));
#2190=DIRECTION('',(0.,0.,-1.));
#2191=DIRECTION('',(-1.,0.,0.));
#2192=DIRECTION('',(0.,0.,1.));
#2193=DIRECTION('',(1.,0.,0.));
#2194=DIRECTION('',(0.,0.,1.));
#2195=DIRECTION('',(1.,0.,0.));
#2196=DIRECTION('',(0.416666666666668,0.909059342886309,0.));
#2197=DIRECTION('',(-0.909059342886309,0.416666666666668,0.));
#2198=DIRECTION('',(0.,0.,1.));
#2199=DIRECTION('',(1.,0.,0.));
#2200=DIRECTION('',(-0.909059342886309,-0.416666666666668,0.));
#2201=DIRECTION('',(0.416666666666668,-0.909059342886309,0.));
#2202=DIRECTION('',(0.,0.,-1.));
#2203=DIRECTION('',(-1.,0.,0.));
#2204=DIRECTION('',(0.,0.,1.));
#2205=DIRECTION('',(1.,0.,0.));
#2206=DIRECTION('',(0.,0.,1.));
#2207=DIRECTION('',(1.,0.,0.));
#2208=DIRECTION('',(0.,0.,1.));
#2209=DIRECTION('',(1.,0.,0.));
#2210=DIRECTION('',(0.,0.,-1.));
#2211=DIRECTION('',(-1.,0.,0.));
#2212=DIRECTION('',(0.,0.,1.));
#2213=DIRECTION('',(1.,0.,0.));
#2214=DIRECTION('',(0.,0.,1.));
#2215=DIRECTION('',(1.,0.,0.));
#2216=DIRECTION('',(-0.416666666666668,-0.909059342886309,0.));
#2217=DIRECTION('',(0.909059342886309,-0.416666666666668,0.));
#2218=DIRECTION('',(0.,0.,1.));
#2219=DIRECTION('',(1.,0.,0.));
#2220=DIRECTION('',(0.909059342886308,0.416666666666669,0.));
#2221=DIRECTION('',(-0.41666666666667,0.909059342886309,0.));
#2222=DIRECTION('',(0.,0.,-1.));
#2223=DIRECTION('',(-1.,0.,0.));
#2224=DIRECTION('',(0.,0.,1.));
#2225=DIRECTION('',(1.,0.,0.));
#2226=DIRECTION('',(0.,0.,1.));
#2227=DIRECTION('',(1.,0.,0.));
#2228=DIRECTION('',(0.,0.,1.));
#2229=DIRECTION('',(1.,0.,0.));
#2230=DIRECTION('',(0.,0.,-1.));
#2231=DIRECTION('',(-1.,0.,0.));
#2232=DIRECTION('',(0.,0.,1.));
#2233=DIRECTION('',(1.,0.,0.));
#2234=DIRECTION('',(0.416666666666668,-0.909059342886309,9.6373526443156E-16));
#2235=DIRECTION('',(0.909059342886309,0.416666666666668,0.));
#2236=DIRECTION('',(0.,0.,1.));
#2237=DIRECTION('',(1.,0.,0.));
#2238=DIRECTION('',(0.,0.,1.));
#2239=DIRECTION('',(1.,0.,0.));
#2240=DIRECTION('',(-0.909059342886309,0.416666666666668,-9.6373526443156E-16));
#2241=DIRECTION('',(-0.416666666666668,-0.909059342886309,0.));
#2242=DIRECTION('',(0.,0.,-1.));
#2243=DIRECTION('',(-1.,0.,0.));
#2244=DIRECTION('',(0.,0.,1.));
#2245=DIRECTION('',(1.,0.,0.));
#2246=DIRECTION('',(0.,0.,1.));
#2247=DIRECTION('',(1.,0.,0.));
#2248=DIRECTION('',(0.,0.,1.));
#2249=DIRECTION('',(1.,0.,0.));
#2250=DIRECTION('',(0.,0.,-1.));
#2251=DIRECTION('',(-1.,0.,0.));
#2252=DIRECTION('',(0.,0.,1.));
#2253=DIRECTION('',(1.,0.,0.));
#2254=DIRECTION('',(0.,0.,1.));
#2255=DIRECTION('',(1.,0.,0.));
#2256=DIRECTION('',(0.,0.,-1.));
#2257=DIRECTION('',(-1.,0.,0.));
#2258=DIRECTION('',(0.,0.,-1.));
#2259=DIRECTION('',(-1.,0.,0.));
#2260=DIRECTION('',(0.,0.,1.));
#2261=DIRECTION('',(1.,0.,0.));
#2262=DIRECTION('',(0.,0.,1.));
#2263=DIRECTION('',(1.,0.,0.));
#2264=DIRECTION('',(0.,0.,-1.));
#2265=DIRECTION('',(-1.,0.,0.));
#2266=DIRECTION('',(0.,0.,-1.));
#2267=DIRECTION('',(-1.,0.,0.));
#2268=DIRECTION('',(0.,-1.,-4.8186763221578E-17));
#2269=DIRECTION('',(0.,4.8186763221578E-17,-1.));
#2270=DIRECTION('',(1.,0.,0.));
#2271=DIRECTION('',(0.,4.8186763221578E-17,-1.));
#2272=DIRECTION('',(1.,0.,0.));
#2273=DIRECTION('',(0.,0.,1.));
#2274=DIRECTION('',(1.,0.,0.));
#2275=DIRECTION('',(1.,0.,0.));
#2276=DIRECTION('',(0.,-1.,0.));
#2277=DIRECTION('',(0.,-1.,0.));
#2278=DIRECTION('',(0.,0.,-1.));
#2279=DIRECTION('',(1.,0.,0.));
#2280=DIRECTION('',(0.,0.,-1.));
#2281=DIRECTION('',(0.,0.,1.));
#2282=DIRECTION('',(1.,0.,0.));
#2283=DIRECTION('',(0.,-1.,0.));
#2284=DIRECTION('',(1.,0.,0.));
#2285=DIRECTION('',(0.,1.,0.));
#2286=DIRECTION('',(0.,-1.,0.));
#2287=DIRECTION('',(0.,0.,-1.));
#2288=DIRECTION('',(1.,0.,0.));
#2289=DIRECTION('',(0.,0.,-1.));
#2290=DIRECTION('',(1.,0.,0.));
#2291=DIRECTION('',(1.,0.,0.));
#2292=DIRECTION('',(0.,0.,-1.));
#2293=DIRECTION('',(1.,0.,0.));
#2294=DIRECTION('',(1.,0.,0.));
#2295=DIRECTION('',(0.,0.,-1.));
#2296=DIRECTION('',(0.,-1.,0.));
#2297=DIRECTION('',(0.,0.,-1.));
#2298=DIRECTION('',(1.,0.,0.));
#2299=DIRECTION('',(0.,0.,-1.));
#2300=DIRECTION('',(1.,0.,0.));
#2301=DIRECTION('',(0.,0.,-1.));
#2302=DIRECTION('',(1.,0.,0.));
#2303=DIRECTION('',(0.,0.,-1.));
#2304=DIRECTION('',(1.,0.,0.));
#2305=DIRECTION('',(0.,1.,0.));
#2306=DIRECTION('',(1.,0.,0.));
#2307=DIRECTION('',(0.,0.,-1.));
#2308=DIRECTION('',(1.,0.,0.));
#2309=DIRECTION('',(-1.,0.,0.));
#2310=DIRECTION('',(0.,0.,-1.));
#2311=DIRECTION('',(1.,0.,0.));
#2312=DIRECTION('',(0.,1.,0.));
#2313=DIRECTION('',(0.,0.,1.));
#2314=DIRECTION('',(1.,0.,0.));
#2315=DIRECTION('',(0.,0.,1.));
#2316=DIRECTION('',(1.,0.,0.));
#2317=DIRECTION('',(0.,0.,-1.));
#2318=DIRECTION('',(1.,0.,0.));
#2319=DIRECTION('',(-1.,0.,0.));
#2320=DIRECTION('',(0.,0.,-1.));
#2321=DIRECTION('',(0.,1.,0.));
#2322=DIRECTION('',(0.,0.,1.));
#2323=DIRECTION('',(0.,0.,1.));
#2324=DIRECTION('',(1.,0.,0.));
#2325=DIRECTION('',(0.,1.,0.));
#2326=DIRECTION('',(0.,0.,1.));
#2327=DIRECTION('',(1.,0.,0.));
#2328=DIRECTION('',(-1.,0.,0.));
#2329=DIRECTION('',(0.,0.,1.));
#2330=DIRECTION('',(0.,-1.,0.));
#2331=DIRECTION('',(0.,0.,-1.));
#2332=DIRECTION('',(0.,1.,0.));
#2333=DIRECTION('',(0.,0.,1.));
#2334=DIRECTION('',(0.,-1.,0.));
#2335=DIRECTION('',(0.,0.,-1.));
#2336=DIRECTION('',(-1.,0.,0.));
#2337=DIRECTION('',(0.,0.,1.));
#2338=DIRECTION('',(-1.,0.,0.));
#2339=DIRECTION('',(0.,0.,1.));
#2340=DIRECTION('',(0.,0.,1.));
#2341=DIRECTION('',(1.,0.,0.));
#2342=DIRECTION('',(-1.,0.,0.));
#2343=DIRECTION('',(0.,0.,1.));
#2344=DIRECTION('',(0.,0.,1.));
#2345=DIRECTION('',(1.,0.,0.));
#2346=DIRECTION('',(0.,-1.,0.));
#2347=DIRECTION('',(0.,0.,-1.));
#2348=DIRECTION('',(1.,0.,0.));
#2349=DIRECTION('',(0.,0.,-1.));
#2350=DIRECTION('',(-1.,0.,0.));
#2351=DIRECTION('',(0.,0.,1.));
#2352=DIRECTION('',(0.,-1.,0.));
#2353=DIRECTION('',(0.,0.,-1.));
#2354=DIRECTION('',(0.,-1.,0.));
#2355=DIRECTION('',(0.,0.,-1.));
#2356=DIRECTION('',(0.,0.,1.));
#2357=DIRECTION('',(1.,0.,0.));
#2358=CARTESIAN_POINT('',(0.,0.,0.));
#2359=CARTESIAN_POINT('',(-0.034,0.,0.05));
#2360=CARTESIAN_POINT('',(-0.034,-0.0219475677313288,0.05));
#2361=CARTESIAN_POINT('',(-0.034,-0.0224675484768466,0.05));
#2362=CARTESIAN_POINT('',(-0.034,-0.0234473967819051,0.0495992694912746));
#2363=CARTESIAN_POINT('',(-0.034,-0.0241836961307955,0.0488619466054401));
#2364=CARTESIAN_POINT('',(-0.034,-0.0245456439426822,0.0485));
#2365=CARTESIAN_POINT('',(-0.034,-0.0219475677313288,0.05));
#2366=CARTESIAN_POINT('',(-0.034,-0.0245456439426822,0.0485));
#2367=CARTESIAN_POINT('',(-0.034,-0.0245456439426822,0.002));
#2368=CARTESIAN_POINT('',(-0.034,-0.0245456439426822,0.002));
#2369=CARTESIAN_POINT('',(-0.034,0.,0.002));
#2370=CARTESIAN_POINT('',(-0.034,0.0245456439426822,0.002));
#2371=CARTESIAN_POINT('',(-0.034,0.0245456439426822,0.05));
#2372=CARTESIAN_POINT('',(-0.034,0.0245456439426822,0.0485));
#2373=CARTESIAN_POINT('',(-0.034,0.0219475677313288,0.05));
#2374=CARTESIAN_POINT('',(-0.034,0.0224675484768466,0.05));
#2375=CARTESIAN_POINT('',(-0.034,0.0234473967819051,0.0495992694912746));
#2376=CARTESIAN_POINT('',(-0.034,0.0241836961307955,0.0488619466054401));
#2377=CARTESIAN_POINT('',(-0.034,0.0245456439426822,0.0485));
#2378=CARTESIAN_POINT('',(-0.034,0.0219475677313288,0.05));
#2379=CARTESIAN_POINT('',(-0.034,0.,0.05));
#2380=CARTESIAN_POINT('',(-0.034,-0.0150475677313288,0.0299191701618611));
#2381=CARTESIAN_POINT('',(-0.034,-0.00704756773132882,0.0299191701618611));
#2382=CARTESIAN_POINT('',(-0.034,-0.0230475677313288,0.0299191701618612));
#2383=CARTESIAN_POINT('',(-0.034,-0.00704756773132882,0.0209191701618611));
#2384=CARTESIAN_POINT('',(-0.034,-0.00704756773132882,0.0119191701618611));
#2385=CARTESIAN_POINT('',(-0.034,-0.0150475677313288,0.0119191701618611));
#2386=CARTESIAN_POINT('',(-0.034,-0.0230475677313288,0.0119191701618611));
#2387=CARTESIAN_POINT('',(-0.034,-0.0230475677313288,0.0209191701618611));
#2388=CARTESIAN_POINT('',(-0.034,-0.0150475677313288,0.0354191701618611));
#2389=CARTESIAN_POINT('',(-0.034,-0.0132475677313288,0.0354191701618611));
#2390=CARTESIAN_POINT('',(-0.034,-0.0168475677313288,0.0354191701618611));
#2391=CARTESIAN_POINT('',(-0.034,-0.0132475677313288,0.0339191701618611));
#2392=CARTESIAN_POINT('',(-0.034,-0.0132475677313288,0.0324191701618611));
#2393=CARTESIAN_POINT('',(-0.034,-0.0150475677313288,0.0324191701618611));
#2394=CARTESIAN_POINT('',(-0.034,-0.0168475677313288,0.0324191701618611));
#2395=CARTESIAN_POINT('',(-0.034,-0.0168475677313288,0.0339191701618611));
#2396=CARTESIAN_POINT('',(-0.034,-0.0168475677313288,0.00791917016186112));
#2397=CARTESIAN_POINT('',(-0.034,-0.0168475677313288,0.00641917016186112));
#2398=CARTESIAN_POINT('',(-0.034,-0.0168475677313288,0.00941917016186112));
#2399=CARTESIAN_POINT('',(-0.034,-0.0150475677313288,0.00941917016186112));
#2400=CARTESIAN_POINT('',(-0.034,-0.0132475677313288,0.00941917016186112));
#2401=CARTESIAN_POINT('',(-0.034,-0.0132475677313288,0.00791917016186112));
#2402=CARTESIAN_POINT('',(-0.034,-0.0132475677313288,0.00641917016186112));
#2403=CARTESIAN_POINT('',(-0.034,-0.0150475677313288,0.00641917016186112));
#2404=CARTESIAN_POINT('',(0.,-0.036,0.05));
#2405=CARTESIAN_POINT('',(-0.007,-0.036,0.024));
#2406=CARTESIAN_POINT('',(-0.016,-0.036,0.024));
#2407=CARTESIAN_POINT('',(0.002,-0.036,0.024));
#2408=CARTESIAN_POINT('',(0.002,-0.036,0.016));
#2409=CARTESIAN_POINT('',(0.002,-0.036,0.008));
#2410=CARTESIAN_POINT('',(-0.007,-0.036,0.008));
#2411=CARTESIAN_POINT('',(-0.016,-0.036,0.008));
#2412=CARTESIAN_POINT('',(-0.016,-0.036,0.016));
#2413=CARTESIAN_POINT('',(-0.035,-0.036,0.05));
#2414=CARTESIAN_POINT('',(-0.035,-0.036,0.05));
#2415=CARTESIAN_POINT('',(-0.035,-0.036,0.001));
#2416=CARTESIAN_POINT('',(0.,-0.036,0.001));
#2417=CARTESIAN_POINT('',(0.035,-0.036,0.001));
#2418=CARTESIAN_POINT('',(0.035,-0.036,0.05));
#2419=CARTESIAN_POINT('',(0.035,-0.036,0.05));
#2420=CARTESIAN_POINT('',(0.,-0.036,0.05));
#2421=CARTESIAN_POINT('',(-0.02,-0.036,0.0142));
#2422=CARTESIAN_POINT('',(-0.0215,-0.036,0.0142));
#2423=CARTESIAN_POINT('',(-0.0185,-0.036,0.0142));
#2424=CARTESIAN_POINT('',(-0.0215,-0.036,0.016));
#2425=CARTESIAN_POINT('',(-0.0215,-0.036,0.0178));
#2426=CARTESIAN_POINT('',(-0.02,-0.036,0.0178));
#2427=CARTESIAN_POINT('',(-0.0185,-0.036,0.0178));
#2428=CARTESIAN_POINT('',(-0.0185,-0.036,0.016));
#2429=CARTESIAN_POINT('',(0.0045,-0.036,0.016));
#2430=CARTESIAN_POINT('',(0.0045,-0.036,0.0142));
#2431=CARTESIAN_POINT('',(0.0045,-0.036,0.0178));
#2432=CARTESIAN_POINT('',(0.006,-0.036,0.0178));
#2433=CARTESIAN_POINT('',(0.0075,-0.036,0.0178));
#2434=CARTESIAN_POINT('',(0.0075,-0.036,0.016));
#2435=CARTESIAN_POINT('',(0.0075,-0.036,0.0142));
#2436=CARTESIAN_POINT('',(0.006,-0.036,0.0142));
#2437=CARTESIAN_POINT('',(0.,-0.034,0.05));
#2438=CARTESIAN_POINT('',(-0.0215,-0.034,0.016));
#2439=CARTESIAN_POINT('',(-0.0215,-0.034,0.0142));
#2440=CARTESIAN_POINT('',(-0.0215,-0.034,0.0178));
#2441=CARTESIAN_POINT('',(0.,-0.034,0.0142));
#2442=CARTESIAN_POINT('',(-0.0185,-0.034,0.0142));
#2443=CARTESIAN_POINT('',(-0.0185,-0.034,0.016));
#2444=CARTESIAN_POINT('',(-0.0185,-0.034,0.0178));
#2445=CARTESIAN_POINT('',(0.,-0.034,0.0178));
#2446=CARTESIAN_POINT('',(0.0219475677313288,-0.034,0.05));
#2447=CARTESIAN_POINT('',(0.0224675484768466,-0.034,0.05));
#2448=CARTESIAN_POINT('',(0.0234473967819051,-0.034,0.0495992694912746));
#2449=CARTESIAN_POINT('',(0.0241836961307955,-0.034,0.0488619466054401));
#2450=CARTESIAN_POINT('',(0.0245456439426822,-0.034,0.0485));
#2451=CARTESIAN_POINT('',(0.0219475677313288,-0.034,0.05));
#2452=CARTESIAN_POINT('',(0.0245456439426822,-0.034,0.0485));
#2453=CARTESIAN_POINT('',(0.0245456439426822,-0.034,0.002));
#2454=CARTESIAN_POINT('',(0.0245456439426822,-0.034,0.002));
#2455=CARTESIAN_POINT('',(0.,-0.034,0.002));
#2456=CARTESIAN_POINT('',(-0.0245456439426822,-0.034,0.002));
#2457=CARTESIAN_POINT('',(-0.0245456439426822,-0.034,0.05));
#2458=CARTESIAN_POINT('',(-0.0245456439426822,-0.034,0.0485));
#2459=CARTESIAN_POINT('',(-0.0219475677313288,-0.034,0.05));
#2460=CARTESIAN_POINT('',(-0.0224675484768466,-0.034,0.05));
#2461=CARTESIAN_POINT('',(-0.0234473967819051,-0.034,0.0495992694912746));
#2462=CARTESIAN_POINT('',(-0.0241836961307955,-0.034,0.0488619466054401));
#2463=CARTESIAN_POINT('',(-0.0245456439426822,-0.034,0.0485));
#2464=CARTESIAN_POINT('',(-0.0219475677313288,-0.034,0.05));
#2465=CARTESIAN_POINT('',(0.,-0.034,0.05));
#2466=CARTESIAN_POINT('',(0.002,-0.034,0.05));
#2467=CARTESIAN_POINT('',(0.002,-0.034,0.008));
#2468=CARTESIAN_POINT('',(0.002,-0.034,0.024));
#2469=CARTESIAN_POINT('',(0.,-0.034,0.024));
#2470=CARTESIAN_POINT('',(-0.016,-0.034,0.024));
#2471=CARTESIAN_POINT('',(-0.016,-0.034,0.05));
#2472=CARTESIAN_POINT('',(-0.016,-0.034,0.008));
#2473=CARTESIAN_POINT('',(0.,-0.034,0.008));
#2474=CARTESIAN_POINT('',(0.,-0.034,0.0178));
#2475=CARTESIAN_POINT('',(0.0045,-0.034,0.0178));
#2476=CARTESIAN_POINT('',(0.0075,-0.034,0.0178));
#2477=CARTESIAN_POINT('',(0.0045,-0.034,0.016));
#2478=CARTESIAN_POINT('',(0.0045,-0.034,0.0142));
#2479=CARTESIAN_POINT('',(0.,-0.034,0.0142));
#2480=CARTESIAN_POINT('',(0.0075,-0.034,0.0142));
#2481=CARTESIAN_POINT('',(0.0075,-0.034,0.016));
#2482=CARTESIAN_POINT('',(0.,0.036,0.05));
#2483=CARTESIAN_POINT('',(-0.011,0.036,0.015));
#2484=CARTESIAN_POINT('',(-0.011,0.036,0.024));
#2485=CARTESIAN_POINT('',(0.035,0.036,0.05));
#2486=CARTESIAN_POINT('',(0.035,0.036,0.05));
#2487=CARTESIAN_POINT('',(0.035,0.036,0.001));
#2488=CARTESIAN_POINT('',(-0.035,0.036,0.001));
#2489=CARTESIAN_POINT('',(-0.035,0.036,0.001));
#2490=CARTESIAN_POINT('',(-0.035,0.036,0.05));
#2491=CARTESIAN_POINT('',(-0.035,0.036,0.05));
#2492=CARTESIAN_POINT('',(0.,0.036,0.05));
#2493=CARTESIAN_POINT('',(-0.036,0.,0.05));
#2494=CARTESIAN_POINT('',(-0.036,0.035,0.));
#2495=CARTESIAN_POINT('',(-0.036,0.035,0.05));
#2496=CARTESIAN_POINT('',(-0.036,0.035,0.001));
#2497=CARTESIAN_POINT('',(-0.036,0.,0.001));
#2498=CARTESIAN_POINT('',(-0.036,-0.035,0.001));
#2499=CARTESIAN_POINT('',(-0.036,-0.035,0.05));
#2500=CARTESIAN_POINT('',(-0.036,-0.035,0.05));
#2501=CARTESIAN_POINT('',(-0.036,0.,0.05));
#2502=CARTESIAN_POINT('',(-0.03,0.03,0.05));
#2503=CARTESIAN_POINT('',(-0.031875,0.0259092329570116,0.05));
#2504=CARTESIAN_POINT('',(-0.031875,0.0259092329570116,0.0485));
#2505=CARTESIAN_POINT('',(-0.031875,0.0259092329570116,0.0035));
#2506=CARTESIAN_POINT('',(-0.03,0.03,0.0035));
#2507=CARTESIAN_POINT('',(-0.0259092329570116,0.031875,0.0035));
#2508=CARTESIAN_POINT('',(-0.0259092329570116,0.031875,0.05));
#2509=CARTESIAN_POINT('',(-0.0259092329570116,0.031875,0.0485));
#2510=CARTESIAN_POINT('',(-0.03,0.03,0.0485));
#2511=CARTESIAN_POINT('',(0.,0.034,0.05));
#2512=CARTESIAN_POINT('',(-0.011,0.034,0.015));
#2513=CARTESIAN_POINT('',(-0.011,0.034,0.024));
#2514=CARTESIAN_POINT('',(0.,0.034,0.002));
#2515=CARTESIAN_POINT('',(-0.0245456439426822,0.034,0.002));
#2516=CARTESIAN_POINT('',(0.0245456439426822,0.034,0.002));
#2517=CARTESIAN_POINT('',(0.0245456439426822,0.034,0.05));
#2518=CARTESIAN_POINT('',(0.0245456439426822,0.034,0.0485));
#2519=CARTESIAN_POINT('',(0.0219475677313288,0.034,0.05));
#2520=CARTESIAN_POINT('',(0.0224675484768466,0.034,0.05));
#2521=CARTESIAN_POINT('',(0.0234473967819051,0.034,0.0495992694912746));
#2522=CARTESIAN_POINT('',(0.0241836961307955,0.034,0.0488619466054401));
#2523=CARTESIAN_POINT('',(0.0245456439426822,0.034,0.0485));
#2524=CARTESIAN_POINT('',(0.0219475677313288,0.034,0.05));
#2525=CARTESIAN_POINT('',(0.,0.034,0.05));
#2526=CARTESIAN_POINT('',(-0.0219475677313288,0.034,0.05));
#2527=CARTESIAN_POINT('',(-0.0219475677313288,0.034,0.05));
#2528=CARTESIAN_POINT('',(-0.0224675484768466,0.034,0.05));
#2529=CARTESIAN_POINT('',(-0.0234473967819051,0.034,0.0495992694912746));
#2530=CARTESIAN_POINT('',(-0.0241836961307955,0.034,0.0488619466054401));
#2531=CARTESIAN_POINT('',(-0.0245456439426822,0.034,0.0485));
#2532=CARTESIAN_POINT('',(-0.0245456439426822,0.034,0.0485));
#2533=CARTESIAN_POINT('',(-0.0245456439426822,0.034,0.002));
#2534=CARTESIAN_POINT('',(0.03,0.03,0.05));
#2535=CARTESIAN_POINT('',(0.0259092329570116,0.031875,0.05));
#2536=CARTESIAN_POINT('',(0.0259092329570116,0.031875,0.0485));
#2537=CARTESIAN_POINT('',(0.0259092329570116,0.031875,0.0035));
#2538=CARTESIAN_POINT('',(0.03,0.03,0.0035));
#2539=CARTESIAN_POINT('',(0.031875,0.0259092329570116,0.0035));
#2540=CARTESIAN_POINT('',(0.031875,0.0259092329570116,0.05));
#2541=CARTESIAN_POINT('',(0.031875,0.0259092329570116,0.0485));
#2542=CARTESIAN_POINT('',(0.03,0.03,0.0485));
#2543=CARTESIAN_POINT('',(0.034,0.,0.05));
#2544=CARTESIAN_POINT('',(0.034,0.,0.002));
#2545=CARTESIAN_POINT('',(0.034,0.0245456439426822,0.002));
#2546=CARTESIAN_POINT('',(0.034,-0.0245456439426822,0.002));
#2547=CARTESIAN_POINT('',(0.034,-0.0245456439426822,0.05));
#2548=CARTESIAN_POINT('',(0.034,-0.0245456439426822,0.0485));
#2549=CARTESIAN_POINT('',(0.034,-0.0219475677313288,0.05));
#2550=CARTESIAN_POINT('',(0.034,-0.0224675484768466,0.05));
#2551=CARTESIAN_POINT('',(0.034,-0.0234473967819051,0.0495992694912746));
#2552=CARTESIAN_POINT('',(0.034,-0.0241836961307955,0.0488619466054401));
#2553=CARTESIAN_POINT('',(0.034,-0.0245456439426822,0.0485));
#2554=CARTESIAN_POINT('',(0.034,-0.0219475677313288,0.05));
#2555=CARTESIAN_POINT('',(0.034,0.,0.05));
#2556=CARTESIAN_POINT('',(0.034,0.0219475677313288,0.05));
#2557=CARTESIAN_POINT('',(0.034,0.0219475677313288,0.05));
#2558=CARTESIAN_POINT('',(0.034,0.0224675484768466,0.05));
#2559=CARTESIAN_POINT('',(0.034,0.0234473967819051,0.0495992694912746));
#2560=CARTESIAN_POINT('',(0.034,0.0241836961307955,0.0488619466054401));
#2561=CARTESIAN_POINT('',(0.034,0.0245456439426822,0.0485));
#2562=CARTESIAN_POINT('',(0.034,0.0245456439426822,0.0485));
#2563=CARTESIAN_POINT('',(0.034,0.0245456439426822,0.002));
#2564=CARTESIAN_POINT('',(0.03,-0.03,0.05));
#2565=CARTESIAN_POINT('',(0.031875,-0.0259092329570116,0.05));
#2566=CARTESIAN_POINT('',(0.031875,-0.0259092329570116,0.0485));
#2567=CARTESIAN_POINT('',(0.031875,-0.0259092329570116,0.0035));
#2568=CARTESIAN_POINT('',(0.03,-0.03,0.0035));
#2569=CARTESIAN_POINT('',(0.0259092329570116,-0.031875,0.0035));
#2570=CARTESIAN_POINT('',(0.0259092329570116,-0.031875,0.05));
#2571=CARTESIAN_POINT('',(0.0259092329570116,-0.031875,0.0485));
#2572=CARTESIAN_POINT('',(0.03,-0.03,0.0485));
#2573=CARTESIAN_POINT('',(0.03,-0.03,0.05));
#2574=CARTESIAN_POINT('',(0.03,-0.03,0.045));
#2575=CARTESIAN_POINT('',(0.0325,-0.03,0.045));
#2576=CARTESIAN_POINT('',(0.03,-0.03,0.05));
#2577=CARTESIAN_POINT('',(0.0325,-0.03,0.05));
#2578=CARTESIAN_POINT('',(-0.03,0.03,0.05));
#2579=CARTESIAN_POINT('',(-0.03,0.03,0.045));
#2580=CARTESIAN_POINT('',(-0.0275,0.03,0.045));
#2581=CARTESIAN_POINT('',(-0.03,0.03,0.05));
#2582=CARTESIAN_POINT('',(-0.0275,0.03,0.05));
#2583=CARTESIAN_POINT('',(0.036,0.,0.05));
#2584=CARTESIAN_POINT('',(0.036,-0.035,0.));
#2585=CARTESIAN_POINT('',(0.036,-0.035,0.05));
#2586=CARTESIAN_POINT('',(0.036,-0.035,0.001));
#2587=CARTESIAN_POINT('',(0.036,0.035,0.001));
#2588=CARTESIAN_POINT('',(0.036,0.035,0.001));
#2589=CARTESIAN_POINT('',(0.036,0.035,0.05));
#2590=CARTESIAN_POINT('',(0.036,0.035,0.05));
#2591=CARTESIAN_POINT('',(0.036,0.,0.05));
#2592=CARTESIAN_POINT('',(-0.03,-0.03,0.05));
#2593=CARTESIAN_POINT('',(-0.03,-0.03,0.045));
#2594=CARTESIAN_POINT('',(-0.0275,-0.03,0.045));
#2595=CARTESIAN_POINT('',(-0.03,-0.03,0.05));
#2596=CARTESIAN_POINT('',(-0.0275,-0.03,0.05));
#2597=CARTESIAN_POINT('',(-0.03,-0.03,0.05));
#2598=CARTESIAN_POINT('',(-0.0259092329570116,-0.031875,0.05));
#2599=CARTESIAN_POINT('',(-0.0259092329570116,-0.031875,0.0485));
#2600=CARTESIAN_POINT('',(-0.0259092329570116,-0.031875,0.0035));
#2601=CARTESIAN_POINT('',(-0.03,-0.03,0.0035));
#2602=CARTESIAN_POINT('',(-0.031875,-0.0259092329570116,0.0035));
#2603=CARTESIAN_POINT('',(-0.031875,-0.0259092329570116,0.05));
#2604=CARTESIAN_POINT('',(-0.031875,-0.0259092329570116,0.0485));
#2605=CARTESIAN_POINT('',(-0.03,-0.03,0.0485));
#2606=CARTESIAN_POINT('',(0.03,0.03,0.05));
#2607=CARTESIAN_POINT('',(0.03,0.03,0.045));
#2608=CARTESIAN_POINT('',(0.03275,0.03,0.045));
#2609=CARTESIAN_POINT('',(0.03,0.03,0.05));
#2610=CARTESIAN_POINT('',(0.03275,0.03,0.05));
#2611=CARTESIAN_POINT('',(0.,0.,0.05));
#2612=CARTESIAN_POINT('',(-0.03,0.03,0.05));
#2613=CARTESIAN_POINT('',(-0.03125,0.0272728219713411,0.05));
#2614=CARTESIAN_POINT('',(-0.0272728219713411,0.03125,0.05));
#2615=CARTESIAN_POINT('',(-0.0245456439426822,0.0325,0.05));
#2616=CARTESIAN_POINT('',(0.0245456439426822,0.0325,0.05));
#2617=CARTESIAN_POINT('',(0.0272728219713411,0.03125,0.05));
#2618=CARTESIAN_POINT('',(0.03,0.03,0.05));
#2619=CARTESIAN_POINT('',(0.03125,0.0272728219713411,0.05));
#2620=CARTESIAN_POINT('',(0.0325,0.0245456439426822,0.05));
#2621=CARTESIAN_POINT('',(0.0325,-0.0245456439426822,0.05));
#2622=CARTESIAN_POINT('',(0.03125,-0.0272728219713411,0.05));
#2623=CARTESIAN_POINT('',(0.03,-0.03,0.05));
#2624=CARTESIAN_POINT('',(0.0272728219713411,-0.03125,0.05));
#2625=CARTESIAN_POINT('',(0.0245456439426822,-0.0325,0.05));
#2626=CARTESIAN_POINT('',(-0.0245456439426822,-0.0325,0.05));
#2627=CARTESIAN_POINT('',(-0.0272728219713411,-0.03125,0.05));
#2628=CARTESIAN_POINT('',(-0.03,-0.03,0.05));
#2629=CARTESIAN_POINT('',(-0.03125,-0.0272728219713411,0.05));
#2630=CARTESIAN_POINT('',(-0.0325,-0.0245456439426822,0.05));
#2631=CARTESIAN_POINT('',(-0.0325,0.0245456439426822,0.05));
#2632=CARTESIAN_POINT('',(0.035,-0.035,0.05));
#2633=CARTESIAN_POINT('',(0.035,0.035,0.05));
#2634=CARTESIAN_POINT('',(-0.035,0.035,0.05));
#2635=CARTESIAN_POINT('',(-0.035,-0.035,0.05));
#2636=CARTESIAN_POINT('',(0.,0.,0.));
#2637=CARTESIAN_POINT('',(0.,-0.035,0.));
#2638=CARTESIAN_POINT('',(0.035,-0.035,0.));
#2639=CARTESIAN_POINT('',(-0.035,-0.035,0.));
#2640=CARTESIAN_POINT('',(-0.035,0.,0.));
#2641=CARTESIAN_POINT('',(-0.035,0.035,0.));
#2642=CARTESIAN_POINT('',(0.035,0.035,0.));
#2643=CARTESIAN_POINT('',(0.035,0.035,0.));
#2644=CARTESIAN_POINT('',(0.035,-0.035,0.));
#2645=CARTESIAN_POINT('',(-0.03,0.03,0.));
#2646=CARTESIAN_POINT('',(-0.02595,0.03,0.));
#2647=CARTESIAN_POINT('',(0.03,0.03,0.));
#2648=CARTESIAN_POINT('',(0.03405,0.03,0.));
#2649=CARTESIAN_POINT('',(0.03,-0.03,0.));
#2650=CARTESIAN_POINT('',(0.0340500000000002,-0.03,0.));
#2651=CARTESIAN_POINT('',(-0.03,-0.03,0.));
#2652=CARTESIAN_POINT('',(-0.02595,-0.03,0.));
#2653=CARTESIAN_POINT('',(0.,0.,0.002));
#2654=CARTESIAN_POINT('',(0.03,-0.03,0.002));
#2655=CARTESIAN_POINT('',(0.0253361905330041,-0.0337747690334058,0.002));
#2656=CARTESIAN_POINT('',(0.0337747690334058,-0.0253361905330041,0.002));
#2657=CARTESIAN_POINT('',(0.0325,-0.0245456439426822,0.002));
#2658=CARTESIAN_POINT('',(0.0325,0.0245456439426822,0.002));
#2659=CARTESIAN_POINT('',(0.0337747690334058,0.0253361905330041,0.002));
#2660=CARTESIAN_POINT('',(0.03,0.03,0.002));
#2661=CARTESIAN_POINT('',(0.0253361905330041,0.0337747690334058,0.002));
#2662=CARTESIAN_POINT('',(0.0245456439426822,0.0325,0.002));
#2663=CARTESIAN_POINT('',(-0.0245456439426822,0.0325,0.002));
#2664=CARTESIAN_POINT('',(-0.0253361905330041,0.0337747690334058,0.002));
#2665=CARTESIAN_POINT('',(-0.03,0.03,0.002));
#2666=CARTESIAN_POINT('',(-0.0337747690334058,0.0253361905330041,0.002));
#2667=CARTESIAN_POINT('',(-0.0325,0.0245456439426822,0.002));
#2668=CARTESIAN_POINT('',(-0.0325,-0.0245456439426822,0.002));
#2669=CARTESIAN_POINT('',(-0.0337747690334058,-0.0253361905330041,0.002));
#2670=CARTESIAN_POINT('',(-0.03,-0.03,0.002));
#2671=CARTESIAN_POINT('',(-0.0253361905330041,-0.0337747690334058,0.002));
#2672=CARTESIAN_POINT('',(-0.0245456439426822,-0.0325,0.002));
#2673=CARTESIAN_POINT('',(0.0245456439426822,-0.0325,0.002));
#2674=CARTESIAN_POINT('',(-0.02,0.03,0.002));
#2675=CARTESIAN_POINT('',(-0.018,0.03,0.002));
#2676=CARTESIAN_POINT('',(-0.005,0.03,0.002));
#2677=CARTESIAN_POINT('',(-0.003,0.03,0.002));
#2678=CARTESIAN_POINT('',(-0.03,-0.03,0.045));
#2679=CARTESIAN_POINT('',(-0.03,-0.03,0.045));
#2680=CARTESIAN_POINT('',(-0.02595,-0.03,0.045));
#2681=CARTESIAN_POINT('',(0.,0.,0.045));
#2682=CARTESIAN_POINT('',(0.03,-0.03,0.045));
#2683=CARTESIAN_POINT('',(0.03,-0.03,0.045));
#2684=CARTESIAN_POINT('',(0.0340500000000002,-0.03,0.045));
#2685=CARTESIAN_POINT('',(0.,0.,0.045));
#2686=CARTESIAN_POINT('',(0.03,0.03,0.045));
#2687=CARTESIAN_POINT('',(0.03,0.03,0.045));
#2688=CARTESIAN_POINT('',(0.03405,0.03,0.045));
#2689=CARTESIAN_POINT('',(0.,0.,0.045));
#2690=CARTESIAN_POINT('',(-0.03,0.03,0.045));
#2691=CARTESIAN_POINT('',(-0.03,0.03,0.045));
#2692=CARTESIAN_POINT('',(-0.02595,0.03,0.045));
#2693=CARTESIAN_POINT('',(0.,0.,0.045));
#2694=CARTESIAN_POINT('',(-0.007,-0.033,0.024));
#2695=CARTESIAN_POINT('',(0.002,-0.033,0.024));
#2696=CARTESIAN_POINT('',(-0.016,-0.033,0.024));
#2697=CARTESIAN_POINT('',(-0.016,-0.033,0.016));
#2698=CARTESIAN_POINT('',(-0.016,-0.033,0.008));
#2699=CARTESIAN_POINT('',(-0.007,-0.033,0.008));
#2700=CARTESIAN_POINT('',(0.002,-0.033,0.008));
#2701=CARTESIAN_POINT('',(0.002,-0.033,0.016));
#2702=CARTESIAN_POINT('',(-0.0215,-0.033,0.016));
#2703=CARTESIAN_POINT('',(-0.0215,-0.033,0.0178));
#2704=CARTESIAN_POINT('',(-0.0215,-0.033,0.0142));
#2705=CARTESIAN_POINT('',(-0.02,-0.033,0.0142));
#2706=CARTESIAN_POINT('',(-0.0185,-0.033,0.0142));
#2707=CARTESIAN_POINT('',(-0.0185,-0.033,0.016));
#2708=CARTESIAN_POINT('',(-0.0185,-0.033,0.0178));
#2709=CARTESIAN_POINT('',(-0.02,-0.033,0.0178));
#2710=CARTESIAN_POINT('',(0.0045,-0.033,0.016));
#2711=CARTESIAN_POINT('',(0.0045,-0.033,0.0178));
#2712=CARTESIAN_POINT('',(0.0045,-0.033,0.0142));
#2713=CARTESIAN_POINT('',(0.006,-0.033,0.0142));
#2714=CARTESIAN_POINT('',(0.0075,-0.033,0.0142));
#2715=CARTESIAN_POINT('',(0.0075,-0.033,0.016));
#2716=CARTESIAN_POINT('',(0.0075,-0.033,0.0178));
#2717=CARTESIAN_POINT('',(0.006,-0.033,0.0178));
#2718=CARTESIAN_POINT('',(-0.011,0.033,0.015));
#2719=CARTESIAN_POINT('',(-0.005,0.03,0.005));
#2720=CARTESIAN_POINT('',(-0.005,0.03,0.005));
#2721=CARTESIAN_POINT('',(-0.004,0.03,0.005));
#2722=CARTESIAN_POINT('',(-0.005,0.03,0.002));
#2723=CARTESIAN_POINT('',(-0.004,0.03,0.002));
#2724=CARTESIAN_POINT('',(-0.005,0.03,0.005));
#2725=CARTESIAN_POINT('',(-0.005,0.03,0.005));
#2726=CARTESIAN_POINT('',(-0.003,0.03,0.005));
#2727=CARTESIAN_POINT('',(0.,6.93889390390723E-18,0.005));
#2728=CARTESIAN_POINT('',(0.,0.,0.002));
#2729=CARTESIAN_POINT('',(-0.02,0.03,0.005));
#2730=CARTESIAN_POINT('',(-0.02,0.03,0.005));
#2731=CARTESIAN_POINT('',(-0.019,0.03,0.005));
#2732=CARTESIAN_POINT('',(-0.02,0.03,0.002));
#2733=CARTESIAN_POINT('',(-0.019,0.03,0.002));
#2734=CARTESIAN_POINT('',(-0.02,0.03,0.005));
#2735=CARTESIAN_POINT('',(-0.02,0.03,0.005));
#2736=CARTESIAN_POINT('',(-0.018,0.03,0.005));
#2737=CARTESIAN_POINT('',(0.,6.93889390390723E-18,0.005));
#2738=CARTESIAN_POINT('',(0.,0.,0.002));
#2739=CARTESIAN_POINT('',(0.0245456439426822,-0.0325,0.0485));
#2740=CARTESIAN_POINT('',(0.0272728219713411,-0.03125,0.0485));
#2741=CARTESIAN_POINT('',(0.0245456439426822,-0.0325,0.0485));
#2742=CARTESIAN_POINT('',(0.03,-0.03,0.0485));
#2743=CARTESIAN_POINT('',(0.03125,-0.0272728219713411,0.0485));
#2744=CARTESIAN_POINT('',(0.0245456439426822,-0.0325,0.05));
#2745=CARTESIAN_POINT('',(0.0253361905330041,-0.0337747690334058,0.002));
#2746=CARTESIAN_POINT('',(0.0255315012029056,-0.0336536473399084,0.002));
#2747=CARTESIAN_POINT('',(0.0258509358155237,-0.0333245426623904,0.00211057144827938));
#2748=CARTESIAN_POINT('',(0.0261132633484178,-0.0326029703056957,0.00263773609688872));
#2749=CARTESIAN_POINT('',(0.0260325220930959,-0.0321439851384811,0.00315833150327667));
#2750=CARTESIAN_POINT('',(0.0259092329570116,-0.031875,0.0035));
#2751=CARTESIAN_POINT('',(0.0325,-0.0245456439426822,0.0485));
#2752=CARTESIAN_POINT('',(0.0325,-0.0245456439426822,0.0485));
#2753=CARTESIAN_POINT('',(0.03,-0.03,0.0035));
#2754=CARTESIAN_POINT('',(0.0337747690334058,-0.0253361905330041,0.002));
#2755=CARTESIAN_POINT('',(0.0336536473399084,-0.0255315012029056,0.002));
#2756=CARTESIAN_POINT('',(0.0333245426623909,-0.0258509358155239,0.00211057144827984));
#2757=CARTESIAN_POINT('',(0.0326029703056934,-0.0261132633484167,0.0026377360968864));
#2758=CARTESIAN_POINT('',(0.0321439851384917,-0.0260325220931007,0.00315833150328674));
#2759=CARTESIAN_POINT('',(0.031875,-0.0259092329570116,0.0035));
#2760=CARTESIAN_POINT('',(0.0325,-0.0245456439426822,0.05));
#2761=CARTESIAN_POINT('',(-0.0245456439426822,-0.0325,0.0485));
#2762=CARTESIAN_POINT('',(-0.0245456439426822,-0.0325,0.0485));
#2763=CARTESIAN_POINT('',(-0.0272728219713411,-0.03125,0.0485));
#2764=CARTESIAN_POINT('',(-0.03,-0.03,0.0485));
#2765=CARTESIAN_POINT('',(-0.03125,-0.0272728219713411,0.0485));
#2766=CARTESIAN_POINT('',(-0.0245456439426822,-0.0325,0.05));
#2767=CARTESIAN_POINT('',(-0.0253361905330041,-0.0337747690334058,0.002));
#2768=CARTESIAN_POINT('',(-0.0255315012029056,-0.0336536473399084,0.002));
#2769=CARTESIAN_POINT('',(-0.025850935815524,-0.0333245426623909,0.00211057144827984));
#2770=CARTESIAN_POINT('',(-0.0261132633484167,-0.0326029703056933,0.00263773609688643));
#2771=CARTESIAN_POINT('',(-0.0260325220931007,-0.0321439851384917,0.00315833150328673));
#2772=CARTESIAN_POINT('',(-0.0259092329570116,-0.031875,0.0035));
#2773=CARTESIAN_POINT('',(-0.0325,-0.0245456439426822,0.0485));
#2774=CARTESIAN_POINT('',(-0.0325,-0.0245456439426822,0.0485));
#2775=CARTESIAN_POINT('',(-0.03,-0.03,0.0035));
#2776=CARTESIAN_POINT('',(-0.0337747690334058,-0.0253361905330041,0.002));
#2777=CARTESIAN_POINT('',(-0.0336536473399084,-0.0255315012029056,0.002));
#2778=CARTESIAN_POINT('',(-0.03332454266239,-0.0258509358155235,0.00211057144827901));
#2779=CARTESIAN_POINT('',(-0.0326029703056977,-0.0261132633484187,0.00263773609689059));
#2780=CARTESIAN_POINT('',(-0.0321439851384724,-0.0260325220930919,0.00315833150326842));
#2781=CARTESIAN_POINT('',(-0.031875,-0.0259092329570116,0.0035));
#2782=CARTESIAN_POINT('',(-0.0325,-0.0245456439426822,0.05));
#2783=CARTESIAN_POINT('',(0.0245456439426822,0.0325,0.0485));
#2784=CARTESIAN_POINT('',(0.0245456439426822,0.0325,0.0485));
#2785=CARTESIAN_POINT('',(0.0272728219713411,0.03125,0.0485));
#2786=CARTESIAN_POINT('',(0.03,0.03,0.0485));
#2787=CARTESIAN_POINT('',(0.03125,0.0272728219713411,0.0485));
#2788=CARTESIAN_POINT('',(0.0245456439426822,0.0325,0.05));
#2789=CARTESIAN_POINT('',(0.0253361905330041,0.0337747690334058,0.002));
#2790=CARTESIAN_POINT('',(0.0255315012029056,0.0336536473399084,0.002));
#2791=CARTESIAN_POINT('',(0.0258509358155239,0.0333245426623909,0.00211057144827981));
#2792=CARTESIAN_POINT('',(0.0261132633484168,0.0326029703056935,0.00263773609688657));
#2793=CARTESIAN_POINT('',(0.0260325220931004,0.032143985138491,0.00315833150328611));
#2794=CARTESIAN_POINT('',(0.0259092329570116,0.031875,0.0035));
#2795=CARTESIAN_POINT('',(0.0325,0.0245456439426822,0.0485));
#2796=CARTESIAN_POINT('',(0.0325,0.0245456439426822,0.0485));
#2797=CARTESIAN_POINT('',(0.03,0.03,0.0035));
#2798=CARTESIAN_POINT('',(0.0337747690334058,0.0253361905330041,0.002));
#2799=CARTESIAN_POINT('',(0.0336536473399084,0.0255315012029056,0.002));
#2800=CARTESIAN_POINT('',(0.0333245426623909,0.0258509358155239,0.00211057144827984));
#2801=CARTESIAN_POINT('',(0.0326029703056933,0.0261132633484167,0.00263773609688642));
#2802=CARTESIAN_POINT('',(0.0321439851384917,0.0260325220931007,0.00315833150328674));
#2803=CARTESIAN_POINT('',(0.031875,0.0259092329570116,0.0035));
#2804=CARTESIAN_POINT('',(0.0325,0.0245456439426822,0.05));
#2805=CARTESIAN_POINT('',(-0.0245456439426822,0.0325,0.0485));
#2806=CARTESIAN_POINT('',(-0.0272728219713411,0.03125,0.0485));
#2807=CARTESIAN_POINT('',(-0.0245456439426822,0.0325,0.0485));
#2808=CARTESIAN_POINT('',(-0.03,0.03,0.0485));
#2809=CARTESIAN_POINT('',(-0.03125,0.0272728219713411,0.0485));
#2810=CARTESIAN_POINT('',(-0.0245456439426822,0.0325,0.05));
#2811=CARTESIAN_POINT('',(-0.0253361905330041,0.0337747690334058,0.002));
#2812=CARTESIAN_POINT('',(-0.0255315012029056,0.0336536473399084,0.002));
#2813=CARTESIAN_POINT('',(-0.0258509358155238,0.0333245426623906,0.00211057144827962));
#2814=CARTESIAN_POINT('',(-0.0261132633484173,0.0326029703056945,0.00263773609688754));
#2815=CARTESIAN_POINT('',(-0.0260325220930984,0.0321439851384865,0.00315833150328181));
#2816=CARTESIAN_POINT('',(-0.0259092329570116,0.031875,0.0035));
#2817=CARTESIAN_POINT('',(-0.0325,0.0245456439426822,0.0485));
#2818=CARTESIAN_POINT('',(-0.0325,0.0245456439426822,0.0485));
#2819=CARTESIAN_POINT('',(-0.03,0.03,0.0035));
#2820=CARTESIAN_POINT('',(-0.0337747690334058,0.0253361905330041,0.002));
#2821=CARTESIAN_POINT('',(-0.0336536473399084,0.0255315012029056,0.002));
#2822=CARTESIAN_POINT('',(-0.0333245426623904,0.0258509358155237,0.00211057144827933));
#2823=CARTESIAN_POINT('',(-0.032602970305696,0.026113263348418,0.00263773609688897));
#2824=CARTESIAN_POINT('',(-0.0321439851384799,0.0260325220930953,0.00315833150327555));
#2825=CARTESIAN_POINT('',(-0.031875,0.0259092329570116,0.0035));
#2826=CARTESIAN_POINT('',(-0.0325,0.0245456439426822,0.05));
#2827=CARTESIAN_POINT('',(0.035,-0.035,0.05));
#2828=CARTESIAN_POINT('',(0.035,-0.035,0.001));
#2829=CARTESIAN_POINT('',(-0.035,-0.035,0.05));
#2830=CARTESIAN_POINT('',(-0.035,-0.035,0.001));
#2831=CARTESIAN_POINT('',(-0.035,0.035,0.05));
#2832=CARTESIAN_POINT('',(-0.035,0.035,0.001));
#2833=CARTESIAN_POINT('',(0.035,0.035,0.05));
#2834=CARTESIAN_POINT('',(0.035,0.035,0.001));
#2835=CARTESIAN_POINT('',(-0.035,-0.00704756773132882,0.0209191701618611));
#2836=CARTESIAN_POINT('',(-0.035,-0.00704756773132882,0.0299191701618611));
#2837=CARTESIAN_POINT('',(-0.035,-0.00704756773132882,0.0299191701618611));
#2838=CARTESIAN_POINT('',(-0.035,-0.00704756773132882,0.0209191701618611));
#2839=CARTESIAN_POINT('',(-0.035,-0.00704756773132882,0.0119191701618611));
#2840=CARTESIAN_POINT('',(-0.035,-0.00704756773132882,0.0119191701618611));
#2841=CARTESIAN_POINT('',(-0.035,-0.0150475677313288,0.0299191701618611));
#2842=CARTESIAN_POINT('',(-0.035,-0.0230475677313288,0.0299191701618612));
#2843=CARTESIAN_POINT('',(-0.035,-0.0230475677313288,0.0299191701618612));
#2844=CARTESIAN_POINT('',(-0.035,-0.0150475677313288,0.0299191701618611));
#2845=CARTESIAN_POINT('',(-0.035,-0.0230475677313288,0.0209191701618611));
#2846=CARTESIAN_POINT('',(-0.035,-0.0230475677313288,0.0119191701618611));
#2847=CARTESIAN_POINT('',(-0.035,-0.0230475677313288,0.0119191701618611));
#2848=CARTESIAN_POINT('',(-0.035,-0.0230475677313288,0.0209191701618611));
#2849=CARTESIAN_POINT('',(-0.035,-0.0150475677313288,0.0119191701618611));
#2850=CARTESIAN_POINT('',(-0.035,-0.0150475677313288,0.0119191701618611));
#2851=CARTESIAN_POINT('',(-0.035,0.,0.026));
#2852=CARTESIAN_POINT('',(-0.035,-0.0132475677313288,0.0339191701618611));
#2853=CARTESIAN_POINT('',(-0.035,-0.0132475677313288,0.0354191701618611));
#2854=CARTESIAN_POINT('',(-0.035,-0.0132475677313288,0.0354191701618611));
#2855=CARTESIAN_POINT('',(-0.035,-0.0132475677313288,0.0339191701618611));
#2856=CARTESIAN_POINT('',(-0.035,-0.0132475677313288,0.0324191701618611));
#2857=CARTESIAN_POINT('',(-0.035,-0.0132475677313288,0.0324191701618611));
#2858=CARTESIAN_POINT('',(-0.035,-0.0150475677313288,0.0354191701618611));
#2859=CARTESIAN_POINT('',(-0.035,-0.0168475677313288,0.0354191701618611));
#2860=CARTESIAN_POINT('',(-0.035,-0.0168475677313288,0.0354191701618611));
#2861=CARTESIAN_POINT('',(-0.035,-0.0150475677313288,0.0354191701618611));
#2862=CARTESIAN_POINT('',(-0.035,-0.0168475677313288,0.0339191701618611));
#2863=CARTESIAN_POINT('',(-0.035,-0.0168475677313288,0.0324191701618611));
#2864=CARTESIAN_POINT('',(-0.035,-0.0168475677313288,0.0324191701618611));
#2865=CARTESIAN_POINT('',(-0.035,-0.0168475677313288,0.0339191701618611));
#2866=CARTESIAN_POINT('',(-0.035,-0.0150475677313288,0.0324191701618611));
#2867=CARTESIAN_POINT('',(-0.035,-0.0150475677313288,0.0324191701618611));
#2868=CARTESIAN_POINT('',(-0.035,0.,0.026));
#2869=CARTESIAN_POINT('',(-0.035,-0.0150475677313288,0.00941917016186112));
#2870=CARTESIAN_POINT('',(-0.035,-0.0168475677313288,0.00941917016186112));
#2871=CARTESIAN_POINT('',(-0.035,-0.0168475677313288,0.00941917016186112));
#2872=CARTESIAN_POINT('',(-0.035,-0.0150475677313288,0.00941917016186112));
#2873=CARTESIAN_POINT('',(-0.035,-0.0132475677313288,0.00941917016186112));
#2874=CARTESIAN_POINT('',(-0.035,-0.0132475677313288,0.00941917016186112));
#2875=CARTESIAN_POINT('',(-0.035,-0.0168475677313288,0.00791917016186112));
#2876=CARTESIAN_POINT('',(-0.035,-0.0168475677313288,0.00641917016186112));
#2877=CARTESIAN_POINT('',(-0.035,-0.0168475677313288,0.00641917016186112));
#2878=CARTESIAN_POINT('',(-0.035,-0.0168475677313288,0.00791917016186112));
#2879=CARTESIAN_POINT('',(-0.035,-0.0150475677313288,0.00641917016186112));
#2880=CARTESIAN_POINT('',(-0.035,-0.0132475677313288,0.00641917016186112));
#2881=CARTESIAN_POINT('',(-0.035,-0.0132475677313288,0.00641917016186112));
#2882=CARTESIAN_POINT('',(-0.035,-0.0150475677313288,0.00641917016186112));
#2883=CARTESIAN_POINT('',(-0.035,-0.0132475677313288,0.00791917016186112));
#2884=CARTESIAN_POINT('',(-0.035,-0.0132475677313288,0.00791917016186112));
#2885=CARTESIAN_POINT('',(-0.035,0.,0.026));
#2886=CARTESIAN_POINT('',(0.035,0.035,0.001));
#2887=CARTESIAN_POINT('',(0.035,0.035,0.001));
#2888=CARTESIAN_POINT('',(0.035,0.035,0.001));
#2889=CARTESIAN_POINT('',(0.035,0.,0.001));
#2890=CARTESIAN_POINT('',(0.035,-0.035,0.001));
#2891=CARTESIAN_POINT('',(0.,0.035,0.001));
#2892=CARTESIAN_POINT('',(-0.035,0.035,0.001));
#2893=CARTESIAN_POINT('',(0.035,-0.035,0.001));
#2894=CARTESIAN_POINT('',(0.035,-0.035,0.001));
#2895=CARTESIAN_POINT('',(-0.035,0.035,0.001));
#2896=CARTESIAN_POINT('',(-0.035,0.035,0.001));
#2897=CARTESIAN_POINT('',(0.,-0.035,0.001));
#2898=CARTESIAN_POINT('',(-0.035,-0.035,0.001));
#2899=CARTESIAN_POINT('',(-0.035,0.,0.001));
#2900=CARTESIAN_POINT('',(-0.035,-0.035,0.001));
#2901=CARTESIAN_POINT('',(-0.035,-0.035,0.001));
#2902=MECHANICAL_DESIGN_GEOMETRIC_PRESENTATION_REPRESENTATION('',(#1629),
#2903);
#2903=(
GEOMETRIC_REPRESENTATION_CONTEXT(3)
GLOBAL_UNCERTAINTY_ASSIGNED_CONTEXT((#2904))
GLOBAL_UNIT_ASSIGNED_CONTEXT((#2907,#2906,#2905))
REPRESENTATION_CONTEXT('Part 1','TOP_LEVEL_ASSEMBLY_PART')
);
#2904=UNCERTAINTY_MEASURE_WITH_UNIT(LENGTH_MEASURE(2.E-5),#2907,
'DISTANCE_ACCURACY_VALUE','Maximum Tolerance applied to model');
#2905=(
NAMED_UNIT(*)
SI_UNIT($,.STERADIAN.)
SOLID_ANGLE_UNIT()
);
#2906=(
NAMED_UNIT(*)
PLANE_ANGLE_UNIT()
SI_UNIT($,.RADIAN.)
);
#2907=(
LENGTH_UNIT()
NAMED_UNIT(*)
SI_UNIT($,.METRE.)
);
#2908=PRODUCT_DEFINITION_SHAPE('','',#2909);
#2909=PRODUCT_DEFINITION('','',#2911,#2910);
#2910=PRODUCT_DEFINITION_CONTEXT('',#2917,'design');
#2911=PRODUCT_DEFINITION_FORMATION_WITH_SPECIFIED_SOURCE('','',#2913,
 .NOT_KNOWN.);
#2912=PRODUCT_RELATED_PRODUCT_CATEGORY('','',(#2913));
#2913=PRODUCT('Part 1','Part 1','Part 1',(#2915));
#2914=PRODUCT_CATEGORY('','');
#2915=PRODUCT_CONTEXT('',#2917,'mechanical');
#2916=APPLICATION_PROTOCOL_DEFINITION('international standard',
'ap242_managed_model_based_3d_engineering',2020,#2917);
#2917=APPLICATION_CONTEXT('managed model based 3d engineering');
ENDSEC;
END-ISO-10303-21;
